,Q147.OtherInfoAreas,Q147.OtherInfoAreas.Reponse1.Level1,Q147.OtherInfoAreas.Reponse1.Level2,Q147.OtherInfoAreas.Reponse1.Level3,Q147.OtherInfoAreas.Reponse2.Level1,Q147.OtherInfoAreas.Reponse2.Level2,Q147.OtherInfoAreas.Reponse3.Level1,Q147.OtherInfoAreas.Reponse3.Level1,Q147.OtherInfoAreas.Reponse4.Level1,Q147.OtherInfoAreas.Reponse5.Level1,Q147.OtherInfoAreas.Reponse6.Level1,Q147.OtherInfoAreas.Reponse7.Level1,Q148.IdeasOfChanges,Q150.HelpToImplementChanges,Q150.HelpToImplementChanges.Reponse1.Level1,Q150.HelpToImplementChanges.Reponse1.Level2,Q150.HelpToImplementChanges.Reponse2.Level1,Q150.HelpToImplementChanges.Reponse2.Level2,Q150.HelpToImplementChanges.Reponse3.Level1,Q150.HelpToImplementChanges.Reponse4.Level1,Q162.MainChallengesOnFarm,Q162.MainChallengesOnFarm.Reponse1.Level1,Q162.MainChallengesOnFarm.Reponse1.Level2,Q162.MainChallengesOnFarm.Reponse1.Level3,Q162.MainChallengesOnFarm.Reponse2.Level1,Q162.MainChallengesOnFarm.Reponse2.Level2,Q162.MainChallengesOnFarm.Reponse2.Level3,Q162.MainChallengesOnFarm.Reponse3.Level1,Q162.MainChallengesOnFarm.Reponse3.Level2,Q162.MainChallengesOnFarm.Reponse3.Level3,Q162.MainChallengesOnFarm.Reponse4.Level1,Q162.MainChallengesOnFarm.Reponse4.Level2,Q163.SolutionsToAddressProblems,Q166.ShareNewFarmingPractice.Example,Q170.ChallengesOfSharingInfo,Q170.ChallengesOfSharingInfo.Reponse1.Level1,Q170.ChallengesOfSharingInfo.Reponse1.Level2,Q170.ChallengesOfSharingInfo.Reponse2.Level1,Q171.MakeSharingEasier,Q171.MakeSharingEasier.Response1.Level1,Q171.MakeSharingEasier.Response1.Level2,Q171.MakeSharingEasier.Response2.Level1,Q171.MakeSharingEasier.Response2.Level2,Q21.Income.Other,Q21.Income.Other.Reponse1.Level1,Q21.Income.Other.Reponse1.Level2,Q21.Income.Other.Reponse2.Level1,Q21.Income.Other.Reponse2.Level2,Q28.FarmHealth.Text,Q93.BankAccountChallenges,Q95.BankLoanFacilityChallenges,Q95.BankLoanFacilityChallenges.Reponse1.Level1,Q95.BankLoanFacilityChallenges.Reponse1.Level2,Q95.BankLoanFacilityChallenges.Reponse2.Level1,Q97.BankCreditChallenges,Q99.SACCOChallenges,Q99.SACCOChallenges.Reponse1.Level1,Q99.SACCOChallenges.Reponse1.Level2
,,,,,,,,,,,,,,,,,,,,,,,,,,,,,,,,,,,,,,,,,,,,,,,,,,,,,,,,,,
0,biogas,Biogas,,,,,,,,,,,1,expertise to assist,Training,,,,,,workers sometime are not available,Labour ,Shortage,,,,,,,,,,i look for  others,biogas usage,how to inform farmers on the project,Communication,,Lack of information,airtime to call them,Funding for Communication,,,,loans,Loans,,,,tea is now mature,,High repayments and interests,High Interest,,,interest charged is high,Restrictions on loan repayment,Repayment Hard,
1,"biogas ,record keeping,soil conservation",Biogas,,,Record keeping,,Soil conservation,,,,,,2,to be trained by oep,Training,Extension officer,,,,,"neighbours cattle coming to my farm,moles destroying tea",Pests,Neigbouring cattle,,Pests,Moles,,,,,,,none,"soil conservation, record keeping",none,No Challenges,,,none,NA,,,,pluckers,Wages,,,,good rain,,Unfriendly bank restrictions and poor tea prices,Background Check,,Price Shocks,less kilos affect payments of the loan and credit,Poor management,Bad Management,
2,best dairy farming,Livestock,Dairy,,,,,,,,,,,expert  to train me,Training,Extension officer,,,,,workers who pluck tea are not available,Labour ,Shortage,,,,,,,,,,weeding and spraying,dairy farming,distance to other farmers,Travel,,,posters to be provided,Training materials,,,,Farming costs,Farm Costs,,,,drought has not been experienced,,"long quees
high interest rate per month",High Interest,,Long Lines,,None,No Challenges,
3,"soil management,value addition",Soil management ,,,Value addition,,,,,,,,,be provide with finance,Finance,,,,,,drought,Weather,Drought,,,,,,,,,,i pluck alone,soil management,Getting time for demonstration because they take long,Time,,,nothing,NA,,,,Cow feeds,Livestock ,,,,"prolonged drought,hailstorms this year",,long quees,Long Lines,,,,Taking a lot of time to approve and disburse loans,Background Checks,Disbursement Timeline
4,"soil testing in my farm,bee keeping",Soil management ,Soil quality analysis,,Bee keeping,,,,,,,,,being trained on soil management,Training,Soil mangement,,,,,"drought,expensive fertilizers ,soil erosion",Weather,Drought,,Inputs,Fertilizer,Price,,,,,,we pluck as family,"soil management, bee keeping",Others doesn't accept teachings/trainings,Fellow farmers do not accept training,,,information to be announced by oep,Increased support from cooperative,,,,development,Farm Costs,,,,"storm,drought",,no problem so far,No Challenges,,,,long processing time with high interest,Disbursement Timeline,Background Check
5,soil ph,Soil management ,Soil quality analysis,,,,,,,,,,,expert to train me on tea farming,Training,Farm mangement,,,,,"drought,weeds and pest",Weather,Drought,,Pests,,,Weeds,,,,,loan,"soil erosion,weed management",Others may not implement teachings,Fellow farmers do not accept training,,,finance on transportation,Funding to travel,,,,workers wage,Wages,,,,"lack of enough rain,expensive fertilizer",,damage of tea bushes by drought or hailstones renders high bank interest due to delay,High Interest,Bad Weather,Farming Challenges,,limited credit limit by sacco,Low Credit,
6,water and soil management,Soil management ,,,Water management ,,,,,,,,,training on best farming practices,Training,Good agricultural practices,,,,,"workers are not available to pluck ,as i am sick",Labour ,Shortage,,Illness,,,,,,,,Going out to look for jobs/labour to increase my income,soil management and training on best tea farming,Some people do not believe or implement farming ideas,Fellow farmers do not accept training,,,i need to be trained first,Training ,,,,farming,Farm Costs,,,,drought this year,,not affordable,Not Affordable,,,,restricted credit limit,Low Credit,
7,dairy farming,Livestock,Dairy,,,,,,,,,,,provided with  tea seedling,Inputs,Seedlings,,,,,"drought,no enough workers or pluckers",Labour ,Shortage,,Weather,Drought,,,,,,,Buy farm inputs in time during a cheap season,New information I will trained or shown about farming,Some people don't accept teachings/training from us the locals but accept new visitors/extension officers to train,Fellow farmers do not accept training,,Prefer training from experts/extension staff,Having group trainings and official visitors to give us more and new information,Training,,Training materials,,development,Farm Costs,,,,drought,,not so far,No Challenges,,,,"limited credit limit
delayed remittance",Low Credit,
8,"Newer practises to improve farming, harvesting and production.",Good agricultural practices ,,,Harvesting,,,,,,,,,Financial help and training,Training ,,Finance,,,,finance to buy fertilizer,Finance,Fertilizer,,,,,,,,,,Leaving tea to grow and leaves/branches touched each other (canopy-like) and weeds wouldn't grow much,The soil management and new farming techniques,Logistics,Logistics,,,I don't know,NA,,,,development buying land,Farm Costs,,,,enough rain,,no problem,No Challenges,,,,restricted credit limit. it depends on delivered g,Low Credit,Farming Challenges
9,I need to know more about soil,Soil management ,,,,,,,,,,,,Getting newer seeds of tea because my type is older,Inputs,Seeds,,,,,Prices of farm inputs are high and low income after productions,Prices,High input price,,Income,Low,,,,,,,Mulching and using organic manure,The teachings,Transport and other expenses,Travel,Costs,,Call them to seminars,Training,,,,"invest on developments, pay wages,contribute to society",Farm Costs,,Wages,,tea has matured this year,,crop damages through bad weather,Farming Challenges,Bad Weather,,,credit limit is low depends on my shares,Low Credit,Shares
10,Record Keeping and tea plantations and management,Record keeping,,,Tea management,,,,,,,,,Being trained,Training ,,,,,,"Weather, prices of farm implements",Weather,,,Prices,High input price,,,,,,,None,The new ideas of farming,Some people exposure and lack of information makes it hard. Time also is a factor.,Time,,Lack of information/resources/demonstrations/demonstrations,Needs Demonstration farms and workshops,Demonstration Farm,,,,wages,Wages,,,,Minimal rainfall,,ff,-1,,,,reduce production of tea,Farming Challenges,
11,Trainings on tea and value addition,Tea management,,,Value addition,,,,,,,,,Support financially and trainings,Training ,,Finance,,,,Weeds,Weeds,,,,,,,,,,,Uprooting and throwing them away in the road,Fertilizer usage,Few people and delays in implementation,Travel,,,Materials and demonstration farms,Training materials,,,,"wages, development",Wages,,Farm Costs,,Bad weather,,"High interest rates charged by banks,
low credit limit accorded to me due to the
flactuating tea prices.",High Interest,,Price Shocks,,"credit limit is limited by shares held
repayment",Low Credit,Shares
12,Tea and Management,Tea management,,,Farm management,,,,,,,,,Finances and training,Training ,,Finance,,,,Weather,Weather,Hail,,,,,,,,,,Seeking reliable labourers,New farming practises,People may lack all the necessities to apply the knowledge and skills learnt,People lack necessities to implement new skills,,,Financial Support,Funding,,,,"wages, developments",Wages,,Farm Costs,,We used fertilizers and steady rainfall,,"high interest charged by banks
limited credit limit",High Interest,,,,my share is my security thus low credit limit,Low Credit,Shares
13,To get more produce from tea farming hence good income,Tea management,,,Productivity improvement,,,,,,,,,Finances,Training ,,Finance,,,,Weather and hailstones,Weather,Hail,,,,,,,,,,Planning to uproot old model of tea,About how I was thought,"Time management, finances and materials",Time,Costs,,Finances,Funding,,,,"wages, improve my farm",Wages,,Farm Costs,,Waether,,"interest charged on loan
fluctuating prices of security (tea prices)",High Interest,,Price Shocks,,"loan value is limited by shares held
repayment",Shares,
14,Tea productions,Tea management,,,,,,,,,,,,Finances and knowledge,Knoweldge,,Finance,,,,Workers/pluckers need more money,Labour ,Shortage,,Labour ,Costs,,,,,,,"Using mice straps, weeding, support to bananas using trees, planting trees",The new farming techniques,communiction is a major constrain,Travel,Communication,,"Logistics and give resource persons, training materials too.",Training materials,,,,"wages,saving,animal feeds",Wages,Savings,Livestock,,Weather,,not hard to access,No Challenges,,,,no challenge,No Challenges,
15,Tea,Tea management,,,,,,,,,,,,"Loans, marketing and training",Training ,,Finance,Loans,Marketing,,Old clown tea lack good productions,Inputs,Poor seedling varieities,,,,,,,,,,Spraying,Telling farm practises I am aware of. New teachings,language barriers and poor communication,Communication,,Language,Demonstrations sites/farms,Demonstration Farm,,,,"wages,",Wages,,,,Produce from land was good and sufficient,,"interest rates are high,
fluctuating tea yield leading to inability to service loans",High Interest,Repayment Hard,Price Shocks,,"delay to credit my account 
credit limit is low",Low Credit,Disbursement Timeline
16,"Soil PH levels, composting",Soil management ,Soil quality analysis,,Compositing,,,,,,,,,visit by the extension officers to the farm,Training ,Extension officer,,,,,"Pests, Weeds and Bad weather",Weather,Poor,,Pests,,,Weeds,,,,,Uprooting bad weeds not destroyed by spraying with chemicals,How to increase their production,"drought
poor prices",Drought,Costs,,Doing regular visits to check the farmers' progress,Visit Fellow Farmers Farms,,,,animals feeds,Livestock ,,,,Good produce and health of crops,,repayment period especially during hail damage,Repayment Hard,Bad Weather,,,none,No Challenges,
17,"Fertility, soil conservation, irrigation and Farm management skills",Soil management ,Soil conservation,,Irrigation,,Farm management,,,,,,,being trained,Training ,Good agricultural practices,Finance,,,,"Weeds, Pests and diseases",Weeds,,,Pests,,,,,,,,not yet,"Weeding information, soil management",language barrier and education level,Language,,Poor education,Financial and manual/materials support,Funding,,Training materials,,"animals feeds, savings",Livestock ,,Savings,,Good weather,,low  credit limit because my security is agricultural produce which is highly affected by weather,Low Credit,Bad Weather,,,"its not active,take time to given loan",Disbursement Timeline,
18,how to preserve milk,Milk storage,,,,,,,,,,,,training on best farming practice and acces to finance,Training ,Good agricultural practices,Finance,,,,"Transportation of farm produce is far, weather, expensive labour on tea plucking, bad weeds",Weather,,,Labour ,Costs,,Weeds,,,Transport,Transportation distance,diversify on food crops,how to do hydroponic practices,not really depent on the other farmer,Not needed,,,have a localised system of farming,Localised farming system,,,,"wages,savings,development, daily expenses",Wages,Savings,Farm Costs,Daily Expenses,Good crops,,"credit limit
repayment challenges",Low Credit,,Repayment Hard,,Repayments during low season is a problem,Repayment Hard,Farming Challenges
19,more of training on farm records and new farming techniqes,Record keeping,,,Good agricultural practices,,,,,,,,,financial support to purchase modern beehives,,,Finance,Beehives,,,pest,Pests,,,,,,,,,,,i have tried to employ some on contract basis,how to improve on banana production,poor communication,Communication,,,improve on communication systems,Communication,,,,"development,wages,saving",Wages,Savings,Farm Costs,,Weather and composting,,repayment problem since tea yield varies depending onbweather,Repayment Hard,Bad Weather,,,sometime there is no enough funds,Repayment Hard,
20,,,,,,,,,,,,,,"to trained
to be boosted financially so as to construct dairy farm",Training ,,Finance,Dairy ,,,lack of knowledge and high cost of living,Living costs,,,Knowledge,,,,,,,,putt tarraces to prevent water,how to do and practice soil and water management,ilitrecy some of us did not go to school,Poor education,Literacy,,have the presentation on understandable mode,Improved presentations,,,,"wages,savings",Wages,Savings,,,Fertility degradation,,low tea yield makes my credit limit low,Low Credit,,Farming Challenges,,limitation of funds amount,Repayment Hard,
21,"proper Records keeping,
Good farming practices that cam improve yield",Record keeping,,,Yield improvement,,,,,,,,,"accessibility to finance
storage facility
transportation

lack of electricity",Transport,,Finance,,Storage,Electricity,plucking labour constrains on flactuation of tea prices,Labour ,Shortage,,Prices,Price fluctuation,,,,,,,tarecess,how to improve farming of tea,negligents,Negligence,,,improve on farmer communication,Communication,,,,"saving,development,animal feeds",Livestock ,Savings,Farm Costs,,due to heavy rainfall accomoanied byhailstones,,"limited credit limit
low value security",Low Credit,,,,reduced production increase interest,High Interest,Farming Challenges
22,"fishery  
farm segmentation to improve yield
good farming practices,
proper tea growing
good record keeping",Livestock,Fish,,Farm planning,,Record keeping,,Yield improvement,Tea management,,,,"financial support
and training",Training ,,Finance,,,,"heavy rainfall
drought",Weather,Rain,Heavy,Weather,Drought,,,,,,,building gabions,news ways of milk processing before selling,language,Language,,,educate farmers on farming techniques,Training,,,,"wages, savings, develoment",Farm Costs,Savings,Wages,,perserver drouth hit tea bushes,,interest rates is high,High Interest,,,,poor weather sometimes affect the income,Repayment Hard,Bad Weather
23,"cattle rearing 
better farming skills to increase tea yield
soil testing to enable know the best fertilizer",Soil management ,Soil quality analysis,,Dairy farming,,Yield improvement,,,,,,,"when trained on the new techniques
buy me a cow  i will be happy",Training,New ideas,Finance,Dairy ,,,poor communication to my fellow farmers,Information,Poor communication,,,,,,,,,,put mulching materials,how to construct taracess,communication and negligence,Communication,,Negligence,visit farmers regularly,Visit Fellow Farmers Farms,,,,"saving,development,daily home expenses",Farm Costs,Savings,Farm Costs,Daily Expenses,weather changes,,interest rates are high,High Interest,,,,delay in disbursement of the loan,Disbursement Timeline,
24,"soil testing,
financial access",Soil management ,Soil quality analysis,,Financial management,,,,,,,,,financial support to fund me start the business,Finance,Micro-enterprise,,,,,not knowing the practices how they are don fully,Knowledge,Good agricultural practices,,,,,,,,,,construction of terraces,pruning,,,,,reduce adult iliteracy through teaching them,Training,Reduce illiteracy,,,"animal feeds,wages",Livestock ,,Wages,,heavy rainfall accompanied by hailstones,,"delay in remittance
low credit limit 
high interest charged
long process to acquire loan",Low Credit,Disbursement Timeline,High Interest,,so far no challenges,No Challenges,
25,"record keeping
soil acidity,
how to improve yield
proper tea plucking",Soil management ,Soil quality analysis,,Record keeping,,Yield improvement,,Plucking,,,,,financing to enable land acquisition and also provision of resources,Finance,Land,,,,,drought and run off water,Weather,Drought,,Crops,Soil erosion,,,,,,,dd,how to get quality tea,resistance by the recipient to the new idea,Fellow farmers do not accept training,,,educate us on faring practices,Training,,,,"wages,animal  feeds,savings,",Livestock ,Savings,Wages,,increased kgs plucked so far,,repayment period is low and high interest and credit limit is limited by the amount of crop previously produced,Repayment Hard,Farming Challenges,High Interest,,low production of tea sometimes affect payement,Repayment Hard,Farming Challenges
26,"biogas
greenhouse
water filtration
poultry keeping",Livestock,Poultry,,Biogas,,Water management ,,,,,,,i request for seedling or financial support,Finance,Land,Inputs,Seedlings,,,heavy rainfall and hailstones,Weather,Rain,Heavy,Weather,Extreme,Hail,,,,,,intercroping and  planting shed trees,not in a position,inadequate resources such as time and recipient resistance,Fellow farmers do not accept training,,Lack of information/resources/demonstrations/demonstrations,educate the farmers on the importance of other farmers in production,Training,,,,"wages, animal feeds,",Livestock ,,Wages,,poor tea production,,repayment during low is a great challenge,Repayment Hard,Farming Challenges,,,low credit limit depends on my shares,Low Credit,Shares
27,"soil ph value that is salinity and acidity 
biogas record keeping",Soil management ,Soil quality analysis,,Biogas,,Record keeping,,,,,,,financial support to be granted to enable me do them,Finance,,,,,,weather changes and heavy rainfall with less fertiliser suplied by the company,Weather,Changing,,Weather,Rain,Heavy,Inputs,Fertilizer,Low volume applied,,,"manual weeding 
chemical use to solve pest and diseases
access to funds to facilitate acquisition of transport means like motor cycle",placement of mulching materials,lack of resources to train,Lack of information/resources/demonstrations/demonstrations,,,use farm promoters,Farmer Promoters,,,,"wages,developments",Farm Costs,,Wages,,pruning of the tea,,due to low crop yield  and fluctuating tea price loan credit is low,Low Credit,Farming Challenges,,,low amount of money disbursed by the sacco,Insufficient Disbursement Amount,
28,"soil testing 
fertilizer 
biogas",Soil management ,Soil quality analysis,,Biogas,,Fertilizer management,,,,,,,access to finance,Finance,,,,,,weather changes,Weather,Changing,,,,,,,,,,"manual weeding and chemical weeding
i request my farm soil to tested",my neighbours,"poor attendance to training and demonstration
resistance by farmers",Fellow farmers do not accept training,,,have the meetings frequent in the buying centers,Meetings at buying centres,,,,"wages, developments, daily expenses",Wages,Daily Expenses,Farm Costs,,planted new tea pushes,,fluctuating crop yield lows credit limit,Low Credit,Farming Challenges,,,no problem so far,No Challenges,
29,"soil management
tea plucking rounds
fertilizer addition to the farm when and how to do so",Soil management ,Soil quality analysis,,Plucking,,Fertilizer management,,,,,,,to be assisted financial support and training,Training ,,Finance,,,,gd,,,,,,,,,,,,"building trench to prevent  soil erosion,
to diversify to other things",the new farming practices so that they also benefit,no challenges,No Challenges,,,,,,,,"wages, animal feeds,expanding farming,community group contribution,church contribution among others",Wages,Farm Costs,Livestock,Group Contributions,reduced tea leaves production,,credit is limited because tea yield fluctuate,Low Credit,Farming Challenges,,,delay sometimes of money,Disbursement Timeline,
30,"soil testing
how to improve yield",Soil management ,Soil quality analysis,,Yield improvement,,,,,,,,,if am given financial aid i will do,Finance,,,,,,"inadewuate food supply,
price flactuations,
drought,
hailstones and frost",Weather,Drought,,Weather,Extreme,Hail,,,,,,"outsourcing labour
planting improved seeds",everything taught especially farming practices,"time constraint
lack of facilities",Time,,,being simple and practising myself so that when people see get the need to try and becoming willing to learn,Training,,,,"farming, wages",Farm Costs,,Wages,,timely pruning after two and half years,,credit limit is low depending on crop yield,Low Credit,Farming Challenges,,,reduced production of tea that make payment hard,Repayment Hard,Farming Challenges
31,soil content. its salinity and acidity,Soil management ,Soil quality analysis,,,,,,,,,,,financial support,Finance,,,,,,"funds to run daily activities
record keeping pest and disease
transport problem",Finance,,,Pests,,,Transport,,,,,"doing zero grazing
preparing local animal feeds
water harvesting from roof",the skills and information gaihed,no challange,No Challenges,,,information to farmers and time be created for lessons,Training materials,,,,"wages,animal feeds",Wages,,Livestock,,:-X:-X:-D:-D:-\,,credit limit is low it relay on tea leaves delivered to fac5ory,Low Credit,Farming Challenges,,,It is a challenge to repay the monthly amounts tea,Repayment Hard,Farming Challenges
32,"plucking rounds
how many times to apply fertilizer",Plucking,,,Fertilizer management,,,,,,,,,financial support to enable me practice,Finance,,,,,,"weeds 
low yield in tea bushes",Weeds,,,Crops,Low productivity,,,,,,,"hand picking of weeds,
chemical weeding
sourcing loans to meet expenses","farming techniques,
plucking rounds",time factor,Time,,,information cascading so that everyone becomes  aware,Training,,,,"wages,animals feed, church contribution,develop farm",Wages,Farm Costs,Livestock,Group Contributions,due to low rain and too much cold,,"fluctuating crop yield/ prices makes credit limit to be low
high interest rates",Low Credit,Farming Challenges,High Interest,,low credit limit,Low Credit,
33,soil testing to know what i should do to improve yield,Soil management ,Soil quality analysis,,,,,,,,,,,"financial aid
better breeds",Finance,,Inputs,Improved breeds,,,"financial support
fluctuating prices
pest and disease
labour constraint
natural calamities",Finance,,,Prices,Price fluctuation,,Pests,,,Labour ,Shortage,"researching for knowledge of the farming practices and planning to start 
i have planted a crafted avocado as a pretest to the technique",farming practices which can improve yeild,lack of resources,Lack of information/resources/demonstrations/demonstrations,,,people to be given information by sireet oep,Increased support from cooperative,,,,"wages,animal feeds,",Wages,,Livestock,,better rainfall,,"interest rates 
repayment is a challenge",High Interest,,Repayment Hard,,No challenges,No Challenges,
34,"biogas
how to improve yield in my yea farming",Biogas,,,Yield improvement,,,,,,,,,access to cheap finance,Finance,Affordable,,,,,"fluctuating prices
unstable labour force
low yields",Prices,Price fluctuation,,Labour ,Shortage,,Crops,Low productivity,,,,doing inter cropping to solve  food problem and planting bananas,dairy farming and tea farming production improvement,resistance by the other famers and time problem,Fellow farmers do not accept training,,,phone numbers will improve communication,Communication,,,,pluckers salary,Wages,,,,good rain and applied fertilizer,,"interest rates
repayment difficulty when crop is low",High Interest,Farming Challenges,Repayment Hard,,They take too long to process the loans,Disbursement Timeline,
35,increasing production of tea leaves,Yield improvement,,,,,,,,,,,,financial surpport,Finance,,,,,,"inadequate training on technical know how on beekeeping, and goat rearing  animal rearing",Lack of support ,,,Training ,,,,,,,,digging terraces,farming practices which improve yield,people may not take up the training thus in may loose synergy and  strength to train as well as inability to share again,Fellow farmers do not accept training,,,"access to power such as electricity
time be created so as farmers meet and share",Electricity,,,,pay plucker,Wages,,,,massive hailstone lasted for 3 days on the ground,,"interest rates are high
repayment is hard during dry/cold season",High Interest,Bad Weather,Repayment Hard,,The no.of kgs of tea may sometimes be low,Repayment Hard,Farming Challenges
36,"how to improve yield
soil testing to know correct fertilizer to use
dairy farming
poultry keeping",Soil management ,Soil quality analysis,,Livestock,Dairy,Livestock,Poultry,Yield improvement,,,,,access to financial aid,Finance,,,,,,"pest and diseases
weather changes such as heavy rain
hailstones
weeds",Pests,,,Weather,Changing,,Weather,Extreme,Hail,Weeds,,"grazing cattle in small parts so as to make the place fertile with the animal waste.
outsourcing land to grow crops for home use
inter cropping to increase farm output
hand weeding",new farming practices that increases output,misunderstanding,Communication,,,organise meetings,Establish meetings,,,,"animal feeds,transport",Livestock ,,Transport,,stable rain and good fertilizer,,"interest rates are high
repayment is difficult during low crop",High Interest,Farming Challenges,Repayment Hard,,No. of kgs of tea may sometimes be low,Repayment Hard,Farming Challenges
37,"biogas
chicks hatching
milking machine 
soil testing",Soil management ,Soil quality analysis,,Livestock,Poultry,Biogas,,Milk production,,,,,access to cheap fianace,Finance,Affordable,,,,,its new idea and i will join very soon,New idea,,,,,,,,,,,"chemical weeding
hand weeding",the farming skills learnt,people may ask questions which i may not be able to handle,Lack of information/resources/demonstrations/demonstrations,,,creating an interaction and communication platform and calling meeting,Communication platform,,Establish meetings,,"wages, monthly expenses such zuku,animal feeds, assist the needy in the society",Wages,Daily Expenses,Livestock,Group Contributions,good  weather,,"repayment is hard during dry season,and during hailstone
high interest rates",Repayment Hard,Bad Weather,High Interest,,"Harambee sacco branches are far from home,guaranto",Long distance,
38,"soil testing
how to apply fertilizer",Soil management ,Soil quality analysis,,Fertilizer management,,,,,,,,,financial grant will do it,Finance,,,,,,"inadequate food
soil erosion
shade trees",Soil mangement,Soil erosion,,Lack of food,,,No trees,,,,,"spraying/ chemical weeding
hand picking",ways to manage soil and water,"resistance by farmers
lack of resources",Lack of information/resources/demonstrations/demonstrations,,Fellow farmers do not accept training,sireet oep to offer resources,Increased support from cooperative,,,,paying pluckers,Wages,,,,hailstone,,repayment is a challenge since sometime tea crop yield keep on fluctuating,Repayment Hard,Farming Challenges,,,The number of kgs of tea might sometimes be low,Farming Challenges,
39,"soil sampling to know correct fertilizer to apply
biogas",Soil management ,Soil quality analysis,,Biogas,,,,,,,,,"access to cheap source of finance
financial grant",Finance,Affordable,,,,,"tea yield is low
soil erosion",Crops,Low productivity,,Soil mangement,Soil erosion,,,,,,,weeding  using round up and kalach,"chemical and hand weeding
chemical handling",lack of time to go train people,Time,,,time be created for farmers to meet and share ideas,Establish meetings,,Time,,BUYING ANOTHER LAND,Land Purchase,,,,good rainfall,,"interest rates are high 
repayment during low crop season",High Interest,Farming Challenges,Repayment Hard,,,,
40,soil testing to know its ph value ie salinity and alkalinity,Soil management ,Soil quality analysis,,,,,,,,,,,financial grants,Finance,,,,,,"scarcity of land
poor land fertility
inadequate supply of food
weeds
pest and diseases",Lack of food,,,Pests,,,Soil mangement,Fertility,,Weeds,,"inter cropping (planting beans,maize,bananas and potatoes together)",how to take care of your farm,"misunderstanding from other who may think am proud
time constraint",Time,,,"forums be created to sensitize farmers
doing by example",Sensitization,,,,"WAGES AND SALARIES,MAINTENANCE OF THE FARM",Wages,,Farm Costs,,timely and sufficient rainfall,,"repayment is a challenge during low crop
interest rates are high",Repayment Hard,Farming Challenges,High Interest,,,,
41,"my soil be tested 
good ways to improve yield",Soil management ,Soil quality analysis,,Yield improvement,,,,,,,,,access to affordable source of finance and grants if possible,Finance,Affordable,,,,,"weeds
fluctuating tea prices
labour turnerover",Weeds,,,Prices,Price fluctuation,,Labour ,Shortage,,,,i dug borehole and started harvesting water to solve water problem,farming skills which improve output,respondent may be reluctant towards the information given,Fellow farmers do not accept training,,,farmers sensitization on awareness,Sensitization,,,,Farming,Farm Costs,,,,good weather such as rainfall and good health,,no challenge i am given what i require,No Challenges,,,,,,
42,"how to keep my farm to increase output
soil testing",Soil management ,Soil quality analysis,,Yield improvement,,,,,,,,,"financial access 
support and guidance to whats is supposed to be done on legal framework on value",Finance,,Legal support,,,,"fluctuating tea prices
frosts and hailstone
weeeds",Prices,Price fluctuation,,Weeds,,,Weather,Extreme,Hail,,,chemical weeding and hand picking,everything i am trained on,time constraint and inadequate resources,Time,,Lack of information/resources/demonstrations/demonstrations,i need to be train well so that i acquire more to tell other farmets,Training,,,,Tea farming,Farm Costs,,,,it rained on time,,"fluctuating interest rates
low credit rates",Low Credit,,High Interest,,,,
43,"how to improve tea yield
soil testing to know good fertilizer",Soil management ,Soil quality analysis,,Yield improvement,,,,,,,,,"training on bee keeping
asset support like beehive
access to finance",Training ,Bee keeping,Finance,Beehives,,,"frosts and hailstones
weeds",Weather,Extreme,Frost,Weeds,,,Weather,Extreme,Hail,,,hand picking of weeds,how to increase yield from small farm,time constraint,Time,,,sireet to create farmers network to ease communication,Communication,,Increased support from cooperative,,Dairy farming,Farm Costs,,Livestock,,too much cold and frost,,kilos are not enough so i get less loans,Insufficient Disbursement Amount,Farming Challenges,,,,,
44,soil ph value,Soil management ,Soil quality analysis,,,,,,,,,,,"financial grants
access to cheap source of finance",Finance,,,,,,"weeds
price fluctuation
inadequate food supply",Prices,Price fluctuation,,Weeds,,,Lack of food,,,,,"renting land
hand picking weeds",how to embrace mechanized farming and conservation of water,time to meet is a challenge,Time,,,"creation of field days and farmers day by sireet so as 
farmers meet to share",Increased support from cooperative,Farmers Day,Share benefits,,Buying more land,Land Purchase,,,,weather has been cold but its improving,,None,No Challenges,,,,,,
45,soil testing,Soil management ,Soil quality analysis,,,,,,,,,,,i request sireet to construct for me a dairy unit,Infrastructure,Dairy unit,,,,,"inadequate water
weeds
frost and hailtones",Weather,Extreme,Frost,Weeds,,,Weather,Extreme,Hail,Water,Access,using chemical weeding and hand picking,new skills in  farming,time,Time,,,"time be created so as  the choimim village family meet learn new things.
resistance by respondents",Time,,,,Repaying loans,Loan Repayment,,,,poor weather too much hailstones,,"repayment when crop is low
high interest rates",High Interest,Farming Challenges,Repayment Hard,,,,
46,soil test,Soil management ,Soil quality analysis,,,,,,,,,,,"i need financial grant,access to cheap source of finance",Finance,Affordable,,,,,no challenge,None,,,,,,,,,,,weeding using hand and chemicals,how to keep your farm clean  and to improve productivity,communication with them,Communication,,,doing the same practically so that they see. working as an example,Leading by example,,,,"Savings,harambees",Savings,,,,poor rain,,"interest rates high
procedure to acquire is long and comple",High Interest,,Background Check,,,,
47,soil testing to know crop appropriate to plant and good fertilizer,Soil management ,Soil quality analysis,,Fertilizer management,,,,,,,,,"access to water supply will enable me go dairy farming
access to affordable source of finance
access to electricity",Inputs,Water,Finance,Beehives,Dairy,Electricity,"price fluctuation
weeds
labour turn over
food insecurity",Prices,Price fluctuation,,Weeds,,,Labour ,Shortage,,Lack of food,,reduce fertilizer cost,how to keep your farm clean and how to improve yield,"time challenge
lack resources",Time,,Lack of information/resources/demonstrations,farmers to be taught on the importance sharing information,Share benefits,,,,"Farming,dairy feeds,travelling,wages and salaries",Farm Costs,Wages,Livestock,Travel,frost and hailstone its too cold,,"High interests 
Unfair penalties due to uncontrolled loses/catastrophes",High Interest,Farming Challenges,Repayment Hard,,,,
48,"fertilizer to use
biogas",Biogas,,,Fertilizer management,,,,,,,,,provided with dairy farming breeds,Inputs,Improved breeds,,,,,"fluctuating tea prices
weeds",Prices,Price fluctuation,,Weeds,,,,,,,,not yet done,new farming techniques,"inadequate time
lack of resources",Time,,Lack of information/resources/demonstrations,teaching farmers to accept training,Share benefits,,,,,,,,,weather,,Price fluctuations on tea affect repayment,Repayment Hard,Price Shocks,,,,,
49,"dairy farming 
soil testing",Soil management ,Soil quality analysis,,Livestock,Dairy,,,,,,,,training on animal husbandry,Training ,Livestock,,,,,"lack  of finance
scarcity of land
weeds",Finance,,,Weeds,,,Farm area,,,,,"chemical weeding
hand pulling
planting pumpkins to to supplement food supply",chemical handling ands uses,"time 
lack 9f tools to use",Time,,Lack of information/resources/demonstrations,teach farmers to accept new technique,Share benefits,,,,,,,,,last year i pruned the tea bushes,,Low income,Low Income,,,,,,
50,"soil test
tea transportation is costly 
high cost of fertilizer",Soil management ,Soil quality analysis,,Fertilizer management,,Tea transportation,,,,,,,finance,Finance,,,,,,"tea plucking labour
weeds",Labour ,Shortage,,Weeds,,,,,,,,"chemical weeding hand picking
keeping dry matter for animal feeds","how to weed farms
how to harvest and conserve water","time challenge
inadequate resources",Time,,Lack of information/resources/demonstrations,creating farmers day by sireet to make it easy,Increased support from cooperative,Farmers Day,,,,,,,,poor rain and fertilizer,,repayment due to fluctuation of tea production,Repayment Hard,Farming Challenges,,,,,
51,"soil testing
farm planning",Soil management ,Soil quality analysis,,Farm management,,,,,,,,,provision of finance,Finance,,,,,,no challenge other than weeds and drought,Weeds,,,Weather,Drought,,,,,,,"manual weeding using jembe
chemical weeding",plucking table maintainance,"time constraint
inadequate resources",Time,,Lack of information/resources/demonstrations,farmers to be taught to accept new techniques and ideas,Training,,Sensitization,,,,,,,good weather conditions and  absence of pests,,reduced production of tea couses the sacco to take all the money available,Repayment Hard,Farming Challenges,,,,,
52,"soil testing
how improve tea out put",Soil management ,Soil quality analysis,,Yield improvement,,,,,,,,,to be provided with finance,Finance,,,,,,"weather changes
low price that increase cost of production",Prices,Low prices,,Weather,Changing,,,,,,,inter cropping to increase supply  of food,building terraces,"resistance by people
lack of time
lack resource",Fellow farmers do not accept training,Time,Lack of information/resources/demonstrations,educate farmers and bring  field officers,Increased support from cooperative,,Training,,,,,,,improved weather and absence of pests,,destruction tea bushes that meant to pay the loans is a major problem,Repayment Hard,Farming Challenges,,,,,
53,"how to improve tea yield
soil test",Soil management ,Soil quality analysis,,Yield improvement,,,,,,,,,training on zero grazing,Training,Zero grazing,,,,,"weather changes
drought season
price fluctuation",Weather,Drought,,Weather,Changing,,Prices,Price fluctuation,,,,chemical and hand picking of weeds,"pumpkins growing
farm weeding",time is a problem,Time,,,educate us on importance of tea management,Training,,,,,,,,,inadequate rain and frost,,reduce production of tea leaves which sometimes affect payrment,Repayment Hard,Farming Challenges,,,,,
54,"soil testing 
appropriate fertilizer to use",Soil management ,Soil quality analysis,,Fertilizer management,,,,,,,,,provided with finance,Finance,,,,,,"weeds
tea price fluctuations
inadequate food",Weeds,,,Lack of food,,,Prices,Price fluctuation,,,,"hand pulling of weeds
chemical weeding",animal keeping and transportation,time to train them is limited,Time,,,creation of farmers day and frequent meetings,Establish meetings,Farmers Day,,,,,,,,poor rain and cold,,high interest rates,High Interest,,,,,,
55,"how to improve tea yield
soil testing",Soil management ,Soil quality analysis,,Yield improvement,,,,,,,,,provision of finance and training,Training,,Finance,,,,"weeds
animal  feeds",Weeds,,,Inputs,Animal feed,,,,,,,"saving dry matter during harvesting to feed animals
harvesting water during rainy season","planting shed tress
pruning
weeding
tea plucking",farmers resistance to the training,Fellow farmers do not accept training,,,creation of meetings,Establish meetings,,,,,,,,,poor weather,,"low credit limit
high interest rates",High Interest,,Low Credit,,,,
56,"testing my soil to know ph value
sometime tea bushes go dry i need to know what i should do",Soil management ,Soil quality analysis,,Water management ,,,,,,,,,training,Training,,,,,,"weeds
fluctuating tea price",Weeds,,,Prices,Price fluctuation,,,,,,,"planting sweet potatoes to supplement maize produced 
pruning to improve yield
using chemical weeding",bee keeping,lack of resources and time,Time,,Lack of information/resources/demonstrations,farmers to be sensitized on the need and importance of sharing information,Sensitization,,Share benefits,,,,,,,weather problem and i pruned other part,,reduced production of tea leaves increase interest in bang and also change in weather conditions,High Interest,Weather,Farming Challenges,,,,
57,"improving out put
soil testing
pest control methods",Soil management ,Soil quality analysis,,Pest management,,,,,,,,,getting finance,Finance,,,,,,"weeds
inadequate food supply",Weeds,,,Lack of food,,,,,,,,"hand weeding using jembe
using chemicals to weed","planting improved seed
diversification from tea",time constraints,Time,,,farmers to be brought together,Establish meetings,,Training,,,,,,,bad weather,,the loan is not enough for my farm,Insufficient Disbursement Amount,,,,,,
58,"farm planning
how to create market
poultry keeping
bee keeping",Livestock,Poultry,,Value addition,,Bee keeping,,Farm planning,,,,,provide with training and finance,Training,,Finance,,,,"fluctuating price
weeds
hailstones",Weeds,,,Weather,Extreme,Hail,Prices,Price fluctuation,,,,weeding both hand and chemical weeding,"kitchen gardening
new techniques",scarce time,Time,,,when farmers are brought together on a meeting,Establish meetings,,,,,,,,,bad weather  inadequate rainfall,,none,No Challenges,,,,,,
59,"green house
soil testing",Soil management ,Soil quality analysis,,Greenhouses,,,,,,,,,training and finance,Training,,Finance,,,,"weeds
low yield
hailstone",Weeds,,,Weather,Extreme,Hail,Crops,Low productivity,,,,"water harvesting
weeding using chemicals","water management
diversification",time challenge,Time,,,cal for frequent  meetings,Establish meetings,,,,,,,,,long drought,,High interests,High Interest,,,,,,
60,"soil testing
crop protection
the cause of calf deaths shortly after death",Soil management ,Soil quality analysis,,Pest management,,Livestock,Dairy,,,,,,provided with finance to building zero grazing unit,Finance,Zero grazing unit,,,,,"scarcity of land
animal feeds
water",Water,Access,,Inputs,Animal feed,,Farm area,,,,,manual weeding using jembe,"growing three months food crops to solve food problem
how to prune tea",limited time,Time,,,creation for communication platform by chief shed chairmen and sireet oep,Communication platform,,Increased support from cooperative,,,,,,,low rain,,Poor productions leads poor servicing of loan repayments,Repayment Hard,Farming Challenges,,,,,
61,best tea farming practices,Good agricultural practices,,,,,,,,,,,,access to affordable financial support,Finance,,,,,,"weeds
low tea yield
food scarcity
soil erosion",Weeds,,,Crops,Low productivity,,Lack of food,,,Soil mangement,Soil erosion,"weeding
planting seedlings when they ate ready to transplant",how to weed farm and to prevent soil erosion,"farmers resistance
time to mobilize",Fellow farmers do not accept training,,Time,farmers should be taught by sireet to accept farmer to farmer training,Increased support from cooperative,,Sensitization,Farmer-to-farmer training,,,,,,low rainfall,,High interests rates,High Interest,,,,,,
62,best tea management practice,Good agricultural practices,,,,,,,,,,,,access to money grants,Finance,Grants,,,,,"weeds
soil erosion",Weeds,,,Soil mangement,Soil erosion,,,,,,,weeding using chemicals and manuall  weeding,"proper weeding
plucking standards","time is limit
farmers turn up on meeting is low",Time,,,farmers to be brought together in a meeting,Establish meetings,,,,,,,,,delayed rain,,Very high interests rates,High Interest,,,,,,
63,"good farming practice on tea,dairy farming",Good agricultural practices,,,,,Livestock,Dairy,,,,,,"access to cheap source of financial
financial grant",Finance,Grants,Finance,Affordable,,,"weeds
fertilizer",Weeds,,,Inputs,Fertilizer,,,,,,,inter cropping  to increase food base,"starting business
weeding
water harvesting",time is limited,Time,,,farmers education to be done quarterly,Training,,,,,,,,,rain delayed,,"High interests 
Bad weather on tea affects loans",High Interest,,,,,,
64,good farming practices,Good agricultural practices,,,,,,,,,,,,"Training 
Finances",Training,,Finance,,,,"water 
weeds
fertility of land",Water,Access,,Weeds,,,Soil mangement,Fertility,,,,weeding by pulling,"kitchen gardening
weeding",time is Limited,Time,,,create day for farmers,Training,,,,,,,,,long spell of drought,,"High bank rates 
Low season affects repayments",High Interest,Farming Challenges,,,,,
65,"dairy farming,tea farming",Good agricultural practices,,,Livestock,Dairy,,,,,,,,Change of attitude,Attitude change,,,,,,"fertilizer
labour turnover
weeds",Labour ,Shortage,,Inputs,Fertilizer,,Weeds,,,,,"hand picking of weeds and using jembe with my husband
too much fertility i plant onions to reduce",crafting of fruits fish keeping,"time
some people are not willing to learn",Time,,Fellow farmers do not accept training,time be created by sireet,Increased support from cooperative,,,,,,,,,i had pruned tea last year,,LOW CREDIT,Low Credit,,,,,,
66,biogas. getting best yield in tea,Biogas,,,Yield improvement,,,,,,,,,provision of finance to build poultry house,Finance,Poultry,,,,,"market
weeds
weather changes",Markets,,,Weather,Changing,,Weeds,,,,,"weeding manually and sometimes i use chemical weeding
terraces digging","biogas 
chicken keeping","time
farmers unwilling to learn",Time,,Fellow farmers do not accept training,create platform where farmers meet and learn from each other,Communication platform,,,,,,,,,long drought spell,,"THE NUMBER OF KGS YOU HAVE FOR TEA
LOAN REPAYMENT,IF THE FARMER HAS ONCE DEFAULTED,HE OR SHE IS NOT GIVEN THE LOAN",Repayment Hard,Farming Challenges,,,,,
67,"best tea practices,dairy farming",Good agricultural practices,,,Livestock,Dairy,,,,,,,,provision with information on potatoes farming,Information,Potatos,,,,,"labour turnover
moles
weeds",Labour ,Shortage,,Pests,Moles,,Weeds,,,,,"weeding manually using jembe and using chemicals
dinking terraces",how to  do farming inter cropping to improve food supply,"time 
some people are not interested",Time,,Fellow farmers do not accept training,farmers to be sensitized  on the importance of information sharing,Sensitization,Farmer-to-farmer training,,,,,,,,i had pruned last year and weather  has been good,,No challenges,No Challenges,,,,,,
68,training on records n tea best practices,Record keeping,,,Good agricultural practices,,,,,,,,,develop the systematic way of doing,Farm management,,,,,,"weeds
inadequate food",Weeds,,,Lack of food,,,,,,,,"weeding manually using a jembe andand pulling
spraying weeds","weeding
table maintenance","time 
farmers unable to conceptualize theory and when  you take them to practicals they have already lost patience",Time,,Fellow farmers do not accept training,farmers day be set aside by eastern produce Kenya limited,Increased support from cooperative,Farmers Day,,,,,,,,drought was long,,"Price fluctuations in tea
Low produce",Farming Challenges,Price Shocks,,,,,
69,best tea farming,Good agricultural practices,,,,,,,,,,,,educate us and may be have more support from technicians,Information ,,Training,Extension officer,,,"weeds 
land fertility
hailstones",Weeds,,,Weather,Extreme,Hail,Soil mangement,Fertility,,,,weeding that's hand picking,kitchen gardening,"time
people are reluctant to attend meetings",Time,,Fellow farmers do not accept training,time be created say once in a month farmers to meet and learn  from each other,Establish meetings,,,,,,,,,"long dry spell,hailstone",,No challengea,No Challenges,,,,,,
70,"dairy farming,how to use small farm to get best yields.",Livestock,Dairy,,Yield improvement,,,,,,,,,"have company veterinary to assist us
have agrovet available for us",Expert assistance,Vet,,,,,"weeds
fluctuating prices
soil erosion",Weeds,,,Prices,Price fluctuation,,Soil mangement,Soil erosion,,,,i bought a donkey to transport water,"tea planting
weeding
digging terraces",people may be reluctant to practice,Fellow farmers do not accept training,,,when farmers are brought together by sireet will be of great help,Increased support from cooperative,,,,,,,,,low fertilizer and drought,,"Low credit 
Loan repayment is sometimes hard especially when there are low yields in tea",Low Credit,Farming Challenges,Repayment Hard,,,,
71,how i can get best yields in my farm,Yield improvement,,,,,,,,,,,,provided with seeds and finance,Inputs,Seeds,Finance,,,,"soil erosion
weeds
water problem",Weeds,,,Soil mangement,Soil erosion,,Water,Access,,,,chemical weeding and manual weedings,"kitchen gardening
poultry keeping
tea farming",no,No Challenges,,,village farmers day be created each month for farmers to come together,Increased support from cooperative,Farmers Day,,,,,,,,long dry spell and fertilizer given was not good,,"Sometimes you are not given the loan in time,sometimes it is hard to get guarantors",Background Check,,,,,,
72,i need to be trained on record keeping,Record keeping,,,,,,,,,,,,zero grazing house to be constructed for me,Inputs,Zero grazing unit,,,,,"weeds
soil erosion
fluctuating tea prices",Weeds,,,Soil mangement,Soil erosion,,Prices,Price fluctuation,,,,"using chemical  and manual weeding
daily labourers","planting beans,potatoes and vegetable from hybrid Seeds","time constraint
lack of resources",Time,,Lack of information/resources/demonstrations,"creation of communication platform, chief to fix legal day for farmers",Communication platform,,,,,,,,,climatic conditions rain was poor,,No. of kgs of tea might sometimes be low especially during dry seasons and this is something the bank considers when giving out loan,Background Check,Farming Challenges,,,,,
73,"zero grazing,green house farming",Livestock,Zero grazing,,Greenhouses,,,,,,,,,provision of herbicides,Inputs,Agrochemicals,,,,,"finance
weeds
market",Finance,,,Weeds,,,Markets,,,,,"i dug terraces to prevent soil erosion
i control weeds by using chemicals and manually clearing using jembe","banana growing
beans growing","time
turn up on meetings",Time,,,farmers day be created,Increased support from cooperative,Farmers Day,,,,,,,,it rained well and i applied fertilizer,,A lot of requirements are needed when you want to borrow,Background Check,,,,,,
74,cattle rearing,Livestock,Dairy,,,,,,,,,,,"to be provided with fertilizer,",Inputs,Fertilizer,,,,,"weeds
market
water problem",Weeds,,,Markets,,,Water,Access,,,,"chemical and hand weeding
digging terraces to prevent soil erosion
mulching to reduce water loss","tea nursery preparation
improving output on small scale farm
solving water problem by harvesting and having  a donkey","Negligence 
Lack of publicity",Communication,,Negligence,farmers be educate on importance of sharing farming information,Sensitization,Farmer-to-farmer training,,,,,,,,better rain and fertilizer,,No.of kgs of tea may sometimes be low,Farming Challenges,,,,,,
75,zero grazing,Livestock,Zero grazing,,,,,,,,,,,Loans and finances,Finance,,,,,,"weeds
price fluctuations
hailstone
drought",Weeds,,,Weather,Extreme,Hail,Weather,Drought,,Prices,Price fluctuation,"digging terraces 
mulching",planting shed trees,There are none,No Challenges,,,farmers to be taught to learn from others,Sensitization,Farmer-to-farmer training,,,,,,,,i had pruned some part of my tea farm last year,,"During dry seasons or when there are hailstorms,the tea production is low hence it's hard to access loans because the banks look at the no. of kgs of tea you have",Farming Challenges,Bad Weather,,,,,
76,"zero grazing,bee keeping",Livestock,Zero grazing,,Bee keeping,,,,,,,,,Fertilizers to be given so that it will increase tea productions,Inputs,Fertilizer,,,,,"weeds
price fluctuation
lack of ready market 
labour turnover",Weeds,,,Labour ,Shortage,,Markets,,,Prices,Price fluctuation,clearing weeds manually,"biogas installation and its benefits
energy saving jiko
growing passion fruits
dairy farming","Bad attitude 
Low income 
Laziness",Poor Committment,,Costs,create awareness to farmers,Sensitization,,,,,,,,,weather low rain,,"The number of kgs of tea are sometimes low hence hindering one from getting the high amount of loan he had applied for,The interest rate for the loans is so high,Defaulting during dry spells",High Interest,Bad Weather,Repayment Hard,,,,
77,best tea practices to get good yields,Good agricultural practices,,,Yield improvement,,,,,,,,,"Donation of verified seeds 
Training on caring of tomatoes
Finances",Inputs,Seeds,,,,,"weeds
soil erosion
labour turnover",Weeds,,,Soil mangement,Soil erosion,,Labour ,Shortage,,,,chemical weeding,energy jiko installation and its benefits,"Fare/transport means 
Poor timed publicity affect attendance",Travel,Costs,Communication,time be created by sireet so that farmers come together,Increased support from cooperative,,,,,,,,,cold and frost,,,,,,,,,
78,"zero grazing,best farming practices",Livestock,Zero grazing,,Good agricultural practices,,,,,,,,,Help on capital,Finance,,Capital assets,,,,"weeds
draught
soil erosion",Weeds,,,Weather,Drought,,Soil mangement,Soil erosion,,,,chemical weeding and manual weeding at the edges,"mulching
terracing
weeding",no chalenge,No Challenges,,,farmers be educated on the importance of meetings,Training,,,,,,,,,improvement on tea production(tea has matured),,,,,,,,,
79,"soil testing to know good fertilizer
how to improve output",Soil management ,Soil quality analysis,,Yield improvement,,,,,,,,,Financial support,Finance,,,,,,"drought
weeds
soil erosion",Weather,Drought,,Weeds,,,Soil mangement,Soil erosion,,,,i pluck myself and request neighbours when they are free tohe,"mulching
terracing",other farmers are not updated,Lack of information/resources/demonstrations,,,farmers forums be created,Establish meetings,,Communication,,,,,,,lack of rainfall,,,,,,,,,
80,"soil testing
how to improve output",Soil management ,Soil quality analysis,,Fertilizer management,,,,,,,,,Funding,Finance,,,,,,weeds,Weeds,,,,,,,,,,,"telling neighbouring farmers to do terracing
chemical weeding and i have chemical store",manual clearing of weeds,poor communication and poor commitment,Communication,,Poor Committment,farmers be brought together in a meeting,Establish meetings,,,,,,,,,"no maize disease this year,enough rain for tea",,,,,,,,,
81,"soil test
good fertilizer to be used",Soil management ,Soil quality analysis,,Fertilizer management,,,,,,,,,"Training,availability of resources",Finance,,Training,,,,"weeds
draught",Weeds,,,Weather,Drought,,,,,,,chemical weeding and hand pulling,"weeding
shed trees planting",i dont know how to write,Poor Education,Literacy,,farmers to be educated to always learn from one another,Sensitization,Farmer-to-farmer training,,,,,,,,"enough rain,no maize disease",,,,,,,,,
82,"Know more about tea care because sometimes rain may wash away fertilizers 
How to use organic manure 
Good health",Compost,Organic,,Fertilizer management,,,,,,,,,"TRAINING
FARM DEMONSTRATIONS",Training,Farm demonstrations,,,,,"weeds
price fluctuation",Weeds,,,Prices,Price fluctuation,,,,,,,hand weeding and chemical weeding,"weeding
planting of three month crop to supplement food supply",long distance to the buyingg centres and poor education level,Poor Education,,Travel,farmers to be educated to attend trainings,Training,,Sensitization,,,,,,,"drought affected my farm,hailstones",,,,,,,,,
83,General farming techniques,Good agricultural practices,,,,,,,,,,,,"FINANCIAL SUPPORT,LOW INTEREST LOANS WITH A LONGER REPAYING PERIOD",Finance,Low interest loans,,,,,"labour turnover
weeds",Labour ,Shortage,,Weeds,,,,,,,,"spraying to control pest
digging terracing
manual and chemical weeding","bee keeping 
weeding",no challenge,No Challenges,,,farmers training curriculum,Training materials,,,,,,,,,frost affected my farm,,,,,,,,,
84,Management and record keeping,Record keeping,,,Farm management,,,,,,,,,FINANCIAL SUPPORT,Finance,,,,,,"farm weeds
lack of market for kitchen garden products
water run off from neighbouring farmers",Weeds,,,Markets,,,Soil mangement,Soil erosion,,,,"terracing to control soil erosion
controlling weeds by using chemical and clearing manually","chemical handling
bee keeping 
poultry keeping",poor roads communication,Travel,,Communication,"farmers awareness
house to house visits",Sensitization,,Visit Fellow Farmers Farms,,,,,,,low fertilizer that i applied,,,,,,,,,
85,"Spraying and chemicals 
Cattle and Terry 
General farming on tea",Livestock,Dairy,,Pest management,,Good agricultural practices,,,,,,,more financing,Finance,,,,,,"weeds
labour turnover",Weeds,,,Labour ,Shortage,,,,,,,"i take loans,or sell tea to other companies","kitchen garden
safety handling of chemicals",poor roads and communication problem,Travel,,Communication,farmers days and forums be created,Establish meetings,Farmers Day,,,,,,,,drought and price flactuation,,,,,,,,,
86,best farming practices,Good agricultural practices,,,,,,,,,,,,More financing,Finance,,,,,,"lack of ready market
soil erosion
weeds",Markets,,,Soil mangement,Soil erosion,,Weeds,,,,,nothing,"rocket jiko
kitchen garden
farm cleaning",time to share is limited,Time,,,all forums both farming and non farming time be set aside for farming highlits,Establish meetings,,Training,,,,,,,"drought,and haistonnes",,,,,,,,,
87,potatoes farming,Potato farming,,,,,,,,,,,,Provision of more funds,Finance,,,,,,"pest and diseases
weeds
soil erosion",Pests,,,Soil mangement,Soil erosion,,Weeds,,,,,"i use maize stalk to feed my animals
chemical and hand weeding
working with my wife to provide labour","importance of passion fruits and the income that accrues from it
planting shed trees",time constraints and inadequate resources,Time,,Lack of information/resources/demonstrations,people and all farmers should be motivated by sireet providing practical learning facility like giving them one seedling,Increased support from cooperative,,,,,,,,,frost,,,,,,,,,
88,"effectiveness of the fertilizers 
proper way of  plucking record",Fertilizer management,,,Plucking,,,,,,,,,"Providing more finances
Training",Finance,,Training,,,,herbicides to use in the farm,Inputs,Agrochemicals,,,,,,,,,,"weeding manually and using chemicals
digging terraces","energy saving jiko
biogas",my old age id the problem,Age,,,notthing,NA,,,,,,,,,"low fertilizer,drought",,,,,,,,,
89,production of tea livestock and maize farming,Livestock,,,Maize,,Good agricultural practices,,,,,,,"Provision of finances,visit to the farm by extension officers,training farmers.",Finance,,Training,Extension officers,Farm visits,,finance,Finance,,,,,,,,,,,"digging terraces 
weeding using both chemicals and manual","importance of digging terraces, planting trees, improving yield by pruning",education as many don't know how to write,Poor Education,Literacy,,i need to be trained and given information first,Training,,Training materials,,,,,,,poor weather condition not good for tea,,,,,,,,,
90,"the correct fertilizer to use on my soil
soil test",Soil management ,Soil quality analysis,,Fertilizer management,,,,,,,,,"Providing more finances,training",Finance,,Training,,,,lack of finance,Finance,,,,,,,,,,,chemical weeding and manual weeding,zero grazing,no challenge so far,No Challenges,,,i need training on zero grazing,Training,,,,,,,,,poor weather condition,,,,,,,,,
91,"soil tests
research on my farm and advice to improve yield",Soil management ,Soil quality analysis,,Yield improvement,,,,,,,,,"Training,providing funds",Finance,,Training,,,,"drought,lack of finance to develop my farm",Finance,,,,,,,,,,,Growing trees,"dairy farming,best tea practices",education,Poor Education,,,be trained first on zero grazing,Training,,,,,,,,,hailstones has reduced the productipn,,,,,,,,,
92,"how to improve productivity
soil to be tested",Soil management ,Soil quality analysis,,Yield improvement,,,,,,,,,"providing funds,more training",Finance,,Training,,,,expensive plucking rates,Labour ,Costs,,,,,,,,,,I not done anything,modern dairy farming,poor education,Poor Education,,,be trained,Training,,,,,,,,,i applied fertilizer this year,,,,,,,,,
93,education on tea production,Good agricultural practices,,,,,,,,,,,,"Provision of funds,training",Finance,,Training,,,,expensive fertilizer,Inputs,Fertilizer,Costs,,,,,,,,,"Spraying 
Uprooting","dairy farming,how to get best tea yield",constant  conflicts with my neighbours,Conflict ,,,farmers to be educated on information shairing,Training,Farmer-to-farmer training,,,,,,,,lengthy drought and bigger portion was prunned,,,,,,,,,
94,plucking program for effective tea management yo get good output,Plucking,,,Yield improvement,,,,,,,,,"Providing funds or any other support,more training",Finance,,Training,,,,"drought,",Weather,Drought,,,,,,,,,,Uprooting,daily,no problem,No Challenges,,,farmers to allocate time for learning,Time,,,,,,,,,poor rainfall,,,,,,,,,
95,"soil to be tested,which fertilizer to use",Soil management ,Soil quality analysis,,Fertilizer management,,,,,,,,,"Provision of funds,more training",Finance,,Training,,,,"drought,frost",Weather,Drought,,Weather,Extreme,Frost,,,,,,hand weeding,green house development for tomatoes,farmers who come to the shed are few,Poor Committment,,,resources are scarce,Training materials,,,,,,,,,Poor fertility and drought,,,,,,,,,
96,"soil testing,best farming practices",Soil management ,Soil quality analysis,,Good agricultural practices,,,,,,,,,"Provision of funds,training,labour",Finance,,Training,,Labour,,finance to fencing my farm,Finance,,,,,,,,,,,weeding within the rows,neighbours,"Training materials and practicals, lack of demonstrations",Lack of information/resources/demonstrations,,,"Liaising with stakeholders 
Good publicity",Work with other stakeholders,,,,,,,,,Good productions from my farm,,,,,,,,,
97,"soil testing,zero grazing,poultry keeping",Soil management ,Soil quality analysis,,Livestock,Poultry,Livestock,Zero grazing,,,,,,"Training,provision of funds",Finance,,Training,,,,"price fluctuation,plucking rate",Prices,Price fluctuation,,Labour ,Costs,,,,,,,building tarecess,cattle rearing,Other farmers may not agree without demonstrations,Lack of information/resources/demonstrations,,,Transport,Funding for travel,,,,,,,,,I controlled soil erosion,,,,,,,,,
98,"best tea practices,soil management",Soil management ,,,Good agricultural practices,,,,,,,,,"Provide funds,training",Finance,,Training,,,,price for tea is not enough,Prices,Low prices,,,,,,,,,,not yet develop any,best tea practices,"Some may take time to understand
Lack of demonstrations",Lack of information/resources/demonstrations,,,"Be trained 
Incentives 
Demonstrations",Training,,Demonstration farm,,,,,,,drought and hailstones,,,,,,,,,
99,"soil erosion management,fertilizer application",Soil management ,,,Fertilizer management,,,,,,,,,"Providing funds,more training",Finance,,Training,,,,pluckers are not enough,Labour ,Shortage,,,,,,,,,,construct water checks,tea best practices,Sometimes farmers have other engagements,Time,,,"Posters in buying centers
Fare/transport",Funding for travel,,,,,,,,,good rain for tea and enough and timely fertilizer,,,,,,,,,
100,best tea practice,Good agricultural practices,,,,,,,,,,,,"Provision of funds,providing training on how to for example building terraces",Finance,,Training,,Terracing,,hailstones and drought,Weather,Drought,,Weather,Extreme,Hail,,,,,,"chemical weeding
uprooting and hand picking",best tea practice,"Failure to implement teachings due to high cost
Failure to attend training throughout, or in time",People lack necessities to implement new skills,,Poor Committment,i need training materials to train other farmers,Training materials,,,,,,,,,sireet empowerment  plucks my tea,,,,,,,,,
101,Investment on farming,Investtment,,,,,,,,,,,,"Provision of resources and capital,training",Finance,,Capital assets,,,,"frost,drought",Weather,Drought,,Weather,Extreme,Frost,,,,,,"hand weeding
chemical weeding",best farming practices,Lack of demonstrations and training materials,Lack of information/resources/demonstrations,,,visiting other farms,Visit Fellow Farmers Farms,,,,,,,,,weather changes and poor fertilizers,,,,,,,,,
102,Fertilizer size and how often to be applied,Fertilizer management,,,,,,,,,,,,,,,,,,,runoff from the nearby road affect soil in my farm,Soil mangement,Soil erosion,,,,,,,,,,not yet done any thing,"energy saving jiko
dairy farming using local feeds","Illiteracy
Lack big lands for planting",Poor Education,Literacy,,educate them on records keeping,Training,Record keeping,,,,,,,,delayed fertilizer aplication,,,,,,,,,
103,"Kilograms measurements during tea harvest
Number of Kgs from one tea tree per year",Weighing,,,Yield improvement,,,,,,,,,,,,,,,,"frost,",Weather,Extreme,Frost,,,,,,,,,plucking at tender stage to avoid being left at the buying center,soil management and shade trees,"Demonstrations 
Finances on transport/fare",Lack of information/resources/demonstrations,Costs,Travel,develop education channel for farmers to get them,Training,,,,,,,,,"wether changes , flactuation of rain distribution",,,,,,,,,
104,How to keep and maintain tea,Good agricultural practices,,,,,,,,,,,,,,,,,,,frost and drought,Weather,Extreme,Frost,Weather,Drought,,,,,,,not yet done  any,"using energy saving jiko
digging terraces","Many are busy working to make ends meet/get money
People need practicals or demonstrations 
Time",Costs,Time,Lack of information/resources/demonstrations,educate us,Training,,,,,,,,,drought and weather change,,,,,,,,,
105,"Soil 
Weather",Soil management ,,,Weather,,,,,,,,,,,,,,,,"drought,lack of access to fertilizer",Weather,Drought,,Inputs,Fertilizer,Limited,,,,,,not yet design,"every farming technique such as chemical weeding,tea nursery, water management",Time,Time,,,educate us and improve on mobility  of farmers to see the rest how they are doing,Training,,,,,,,,,weather changes and climate change,,,,,,,,,
106,"Tea 
Cows",Good agricultural practices,,,Livestock,Dairy,,,,,,,,,,,,,,,"drought,hailstones and frost",Weather,Drought,,Weather,Extreme,Frost,Weather,Extreme,Hail,,,not yet its the company to assist us get good price,Tea management to give more income,"Implementation 
Lack of funds",Costs,,People lack necessities to implement new skills,hold field days around here where we can access,Training,Farmers Day,Establish meetings,,,,,,,weather changes and delayed fertilizer,,,,,,,,,
107,"Seeds knowledge to know which are good 
About agrochemicals
Care of crops - general",Farm management,,,Seeds,,Agrochemicals,,,,,,,,,,,,,,"drought,source of fertilzer",Weather,Drought,,Inputs,Fertilizer,Limited,,,,,,not yet done anything,Good farming practises,Negligence,Negligence,,,have community participation on tea production field days,Training,Farmers Day,,,,,,,,weather and fertilizer,,,,,,,,,
108,"Tea care and management 
Cattle rearing 
Poultry",Farm management,,,Livestock,Dairy,Livestock,Poultry,,,,,,,,,,,,,"drought,hailtones",Weather,Drought,,Weather,Extreme,Hail,,,,,,"Made terraces, mulching","Tea farm care, weeding and record keeping","Method of relaying information 
Lack of logistics",Lack of information/resources/demonstrations,,Communication,construct passable roads,Improve roads,,,,,,,,,good rain and lack of pests,,,,,,,,,
109,Zero grazing goats,Livestock,Zero grazing,,Livestock,Goats,,,,,,,,,,,,,,,"drought,lack of fertilizer",Weather,Drought,,Inputs,Fertilizer,Limited,,,,,,Weeding using a jembe,"Soil erosion 
Pruning in time",Lack of coordination,Logistics,,,educate us and make passable roads,Training,,Improve roads,,,,,,,weather changes and much cold,,,,,,,,,
110,Short-term crops and its productions,Short-term crops,,,,,,,,,,,,,,,,,,,"weeds
animal feeds
finance
fluctuating prices
labour turnover",Weeds,,,Prices,Price fluctuation,,Labour ,Shortage,,Finance,,Uprooting and digging out,"poultry farming,beekeeping",COMMUNICATION BREAKDOWN,Communication,,,creation of time to share,Time,,,,,,,,,weather harshness,,,,,,,,,
111,Time intervals to pluck tea again,Plucking,,,,,,,,,,,,,,,,,,,"weeds
soil erosion
price fluctuation of tea",Weeds,,,Soil mangement,Soil erosion,,Prices,Price fluctuation,,,,"Uprooting, weeding",potatoes farming,LACK OF WILL POWER ON THE PART OF THE FARMERS,Poor Committment,,,farmers day be created to make it easier for farmers to interract,Communication,Farmers Day,,,,,,,,"drought ,delay of fertiliser",,,,,,,,,
112,Marketing,Marketing,,,,,,,,,,,,,,,,,,,"weeds
soil erosion
food insecurity",Weeds,,,Soil mangement,Soil erosion,,Lack of food,,,,,"Using chemicals sprays 
Employ labour to weed",how to weed,MOST OF THE FARMERS WOULD ONLY LIKE TO HEAR THE INFORMATION FROM AN EXPERT,Prefer training from experts/extension staff,,Fellow farmers do not accept training,farmers be trained to accept information and pratice,Sensitization,,,,,,,,,application of fertiliser and plucking management,,,,,,,,,
113,Poultry keeping,Livestock,Poultry,,,,,,,,,,,,,,,,,,"weeds
hailstone
drought",Weeds,,,Weather,Extreme,Hail,Weather,Drought,,,,"Spraying with chemicals 
Weeding",livestock production,"SOME FARMERS CLAIM TO BE BUSY
LACK OF WILL POWER ON THE PART OF THE FARMERS",Poor Committment,,Time,educate our farmers and other young children,Training,,,,,,,,,climate changes and heavy rainfall,,,,,,,,,
114,"NUTRIENT CONTENT OF MY SOIL,BIOGAS",Soil management ,Soil quality analysis,,,,,,,,,,,,,,,,,,"Hailstone, drought and frost",Weather,Extreme,Frost,Weather,Extreme,Hail,Weather,Drought,,,,"Buy phosphates 
Spray",production of more milk,"The farmers do not accept what you telling,they want a trained personnel
Lack of cooperation from the farmers",Fellow farmers do not accept training,,Prefer training from experts/extension staff,educate our young farmers,Training,Youth,,,,,,,,fertiliser application last year was low,,,,,,,,,
115,IMPROVED LIVESTOCK KEEPING,Livestock,,,,,,,,,,,,,,,,,,,"Drought, hailstorm",Weather,Extreme,Hail,Weather,Drought,,,,,,,Spraying weeds,nothing,Most of the farmers are not willing to listen,Fellow farmers do not accept training,,,improve on farmers visits,Training,,,,,,,,,weather changes and poor pricing,,,,,,,,,
116,"HOW MUCH OF FERTILIZER DOES ONE NEED TO PUT IN A TEA FARM
WHICH ONE IS BETTER,WEEDING OR SPRAYING A TEA FARM
WHAT CAN ONE DO TO INCREASE HER PRODUCE IN A TEA FARM",Fertilizer management,,,Yield improvement,,,,,,,,,,,,,,,,"drought,workers who work in my farm are few",Weather,Drought,,Labour ,Shortage,,,,,,,"Spraying 
Weeding 
Terraces",planting in time,"The farmer might not take whatever you saying seriously
Lack of implementation on the part of the farmer after being trained
Lack of time",Fellow farmers do not accept training,Time,People lack necessities to implement new skills,develop a system of educating farmers through sheds,Training,,,,,,,,,drought last year was high,,,,,,,,,
117,HOW MUCH FERTILIZER TO APPLY IN A ONE ACRE FARM,Fertilizer management,,,,,,,,,,,,,,,,,,,i need soil  to be tested so that  i can get more yield,Soil mangement,Fertility,,,,,,,,,,"Price 
Fertilizer",weeding,"Neglegence from other farmers
Some farmers fail to come to group meetings",Negligence,,Poor Committment,have the formal meetings  chaired by the tea production experts,Training,,Experts,,,,,,,we had pruned last year,,,,,,,,,
118,"Kitchen gardening
Poultry keeping
Tea farming practices that increase yields",Livestock,Poultry,,Yield improvement,,Kitchen Gardens,,,,,,,,,,,,,,"weather changes
inadequate fertilizer 
weeding",Weeds,,,Weather,Changing,,Inputs,Fertilizer,Limited,,,"Weeding 
Uprooting",plucking of quality tea,Lack of enough time,Time,,,have a education on farmers,Training,,,,,,,,,tea has matured,,,,,,,,,
119,Prevention of soil erosion between tea bushes,Soil management ,,,,,,,,,,,,,,,,,,,weather harshness that are accompanied by hailstones,Weather,Extreme,Hail,,,,,,,,,"Spraying 
Mulching",early planting,"People need demonstrations
Failure to implement trainings",Lack of information/resources/demonstrations,,People lack necessities to implement new skills,may be have visitors to tell us more,Training,,Experts,,,,,,,lack of fertilizer,,,,,,,,,
120,"What other crop can be grown in my farm
Farm planning",Crop management,,,Farm planning,,,,,,,,,,,,,,,,weather problem,Weather,,,,,,,,,,,"Use of manure as fertilizer,mulching",any thing like plucking round,Some of the farmers are not willing to listen to the new idea,Fellow farmers do not accept training,,,have all the members educated on tea,Training,,,,,,,,,"enough fertilizer,good  weather",,,,,,,,,
121,Dairy farming and poultry farming,Livestock,Poultry,,Livestock,Dairy,,,,,,,,,,,,,,,I am not in a position to do them alone,Lack of support ,,,,,,,,,,,VISITING OTHER FARMERS' FARMS,farming practices which improve output,"Lack of enough time,lack of coordination,Most of the farmers prefer to hear from an expert",Time,,Prefer training from experts/extension staff,regular visitation by managers,Increased support from cooperative,,,,,,,,,"drought,frost",,,,,,,,,
122,"General farming on tea,poultry keeping,livestock keeping,biogas,potato planting,fishery",Good agricultural practices,,,Livestock,Poultry,Livestock,,Biogas,Potatos,,,,,,,,,,,no main challenge,None,,,,,,,,,,,SPRAYING THE CROPS AGAINST PESTS AND DISEASES,"planting shade trees
pruning
how to keep farm cleen",Most of the farmers are not willing to listen to the new idea and implement,Fellow farmers do not accept training,,,have education by field officers,Training,,Increased support from cooperative,,,,,,,Good produce in tea,,,,,,,,,
123,"What kind of tea can do well in my farm,the soil needs to be measured to know what can do best.
Which breed is good in cattle keeping.",,,,,,,,,,,,,,,,,,,,no training,Training ,,,,,,,,,,,BUILT TERRACES,"how to keep your farm clean
record keeping",No challenges,No Challenges,,,i need to be trained,Training,,,,,,,,,Because I pruned and low rainfall,,,,,,,,,
124,"Crop rotation and after how long,how fertile is the soil,tree planting,when can you grow ovacado",Crop management,,,Soil management ,,Trees,,Advocados,,,,,,,,,,,,weather changes and heavy rainfall,Weather,Changing,,Weather,Rain,Heavy,,,,,,SALE OF OTHER THINGS SUCH AS CATTLE TO RAISE FINANCES,keeping records,"Some farmers fail to turn up for the meetings,some farmers do not keep time when there are meetings",Poor Committment,,Time,a baraza/meeting to be called for all farmers to come,Establish meetings,,,,,,,,,Good produce,,,,,,,,,
125,"How to get more produce from a small farm,dairy farming,poultry keeping",Yield improvement,,,Livestock,Poultry,Livestock,Dairy,,,,,,,,,,,,,weather changes and payement is low compared to production,Training ,,,,,,,,,,,"Composting
Building terraces to prevent soil erosion
Weeding
Applying fertilizer",plucking table maintainable level,"Some farmers do not come to meetings in time,some do not turn up for the meetings,farmers need trained officers to train them",Poor Committment,,Prefer training from experts/extension staff,Given fiances and training materials,Funding,,Training materials,,,,,,,No more changes,,,,,,,,,
126,"How much fertilizer to apply,Green house farming,Biogas",Fertilizer management,,,Greenhouses,,Biogas,,,,,,,,,,,,,,"price fluctuation
fertilizer
pruning
plucking standards
weeds",Weather,Changing,,Prices,Low prices,,,,,,,"Pruning
Spraying weeds
Building terraces
Composting",plucking tea table and making taraces,"Time,Most of the farmers would like to hear from an expert,Farmers need demonstrations",Time,,Prefer training from experts/extension staff,Training materials and implementation of action plans,Training materials,,,,,,,,,Plants growth were good last year,,,,,,,,,
127,"Dairy keeping,poultry keeping",Livestock,Dairy,,Livestock,Poultry,,,,,,,,,,,,,,,"weeds
low yields in my farm",Weeds,,,Crops,Low productivity,,,,,,,"Built terraces
Spraying
Planted trees along river banks",planting of shed trees,"Most of the farmers need demonstrations when you teaching them,time,",Time,,Lack of information/resources/demonstrations/demonstrations,"Training materials
Finances
Frequent visits to farms",Training materials,,Funding,,,,,,,Fertilizers were of poor quality,,,,,,,,,
128,"Poultry keeping,dairy keeping,planting of other crops that bring food",Livestock,Dairy,,Livestock,Poultry,Food crops,,,,,,,,,,,,,,"weeds
cost of fertilizer
finance to improve output",Weeds,,,Inputs,Fertilizer,Costs,Finance,,,,,"Irrigation during dry seasons
Spraying to control diseases and weeds
Weeding
Applying fertilizer",shed trees,"Most of the farmers want to hear from an expert,time",Prefer training from experts/extension staff,,Time,"Encourage and give me the training facilities 
Logistics",Training materials,,,,,,,,,Bad phosphates/fertilizers and drought,,,,,,,,,
129,"Soil to be measured to know its composition and what else can be planted in it,The recommended depth that one needs to dig when planting coffee.",Soil management ,Soil quality analysis,,Coffee,,,,,,,,,,,,,,,,"weather changes and heavy rainfall
poor price of tea
high plucking price in nearby surrounding estates
high price of fertilisers hinders maxima production of tea leaves",Weather,Changing,,Prices,Low prices,,Labour ,Costs,,,,Stopped taking loans from banks,any thing like pruning,Some farmers fail to come to the meetings,Poor Committment,,,"Offer training materials 
Finances",Training materials,,Funding,,,,,,,The types of phosphates given were good,,,,,,,,,
130,"Soil to be measured to know how much fertilizer need to be applied,how to reduce the cost of production in tea,tea research on how to improve market",Soil management ,Soil quality analysis,,Fertilizer management,,Marketing,,,,,,,,,,,,,,"long drought 
sometimes heavy rainfall and poor quality of tea
high plucking prices in the nearby estates
though plucking quality that renders the tea bushes to waste",Weather,Drought,,Labour ,Costs,,Weather,Rain,Heavy,,,"Spraying against pests and diseases
Weeding",teracing,Time consuming especially when not all the farmers attend the meetings,Time,,Poor Committment,Offering financial support,Funding,,,,,,,,,Maize are doing well compared to last year,,,,,,,,,
131,"How to plant purple tea,Farm planning,how to dress when spraying and handling of pesticides",Farm mangement,,,Purple tea,,Pest management,,,,,,,,,,,,,,"poor tea price 
weather changes",Weather,Changing,,Prices,Low prices,,,,,,,Pruning when there is prolonged drought,other farmers,"Not all the farmers attend the group meetings,lack of implementation on the part of the farmers",Poor Committment,,People lack necessities to implement new skills,"Training materials 
Demonstration farms 
Money",Training materials,Funding,Demonstration Farm,,,,,,,Erosion may increase due to El nino this year,,,,,,,,,
132,"Tea farming,Poultry keeping,dairy farming",Good agricultural practices,,,Livestock,Dairy,Livestock,Poultry,,,,,,,,,,,,,"high cost of fertiliser
fluctuation of tea prices
weather changes
low tea buying prices it should be given in full amount other than bonus
constrains of Sacco's less money disbursements
spoiling of tea leaves",Inputs,Fertilizer,Costs,Prices,Price fluctuation,,Weather,Changing,,Prices,Low prices,Irrigating during dry seasons,plucking table,Some farmers do not implement the teaching,People lack necessities to implement new skills,,,"Fare 
Training materials",Training materials,,Funding,,,,,,,No much change,,,,,,,,,
133,"More about tea farming for example pruning,leveling,shade trees and its importance,dairy farming,poultry keeping,banana planting",Pruning,,,Livestock,Poultry,Livestock,Dairy,Trees,Bananas,,,,,,,,,,,"weather changes
fertiliser prices 
persistent drought",Weather,Changing,,Inputs,Fertilizer,Costs,Weather,Drought,,,,"Tree planting to prevent frost,planting bananas to act as food especially during prolonged drought",tea best farming practices,"Lack of time for training,most of the farmers are too busy,lack of implementation on the part of the farmer",Time,,People lack necessities to implement new skills,"Finances for training
Transport/fare
Getting workers to substitute my duties while going to train/share info",Per Diem,,Funding for travel,,,,,,,"More rain,more fertilizer",,,,,,,,,
134,"Tea farming,which kind of herbicide is good for spraying against weeds and how to spray,dairy farming,poultry keeping",Pest management,,,Livestock,Dairy,Livestock,Poultry,,,,,,,,,,,,,we don't know how they are done,Knowledge,Good agricultural practices,,,,,,,,,,"Spraying against pests,tree planting in tea farms",biogas,low turn up during meetings,Poor Committment,,,Demonstration,Demonstration farm,,,,,,,,,HEAVY RAINS,,,,,,,,,
135,"How to increase food production,dairy farming,poultry keeping",Food crops,,,Livestock,Dairy,Livestock,Poultry,,,,,,,,,,,,,"weather changes
low prices of tea markets",Weather,Changing,,Prices,Low prices,,,,,,,Not yet tried anything,Farming,"Some farmers may not attend the group meetings,Some may not arrive to meetings on time",Poor Committment,,,"Means of transport 
Materials",Funding for travel,,Training material,,,,,,,"MORE FINANCES, IMPROVED CLIMATE",,,,,,,,,
136,"Which kind of herbicide for spraying against weeds and how much need to be applied,labourers on tea farm to be trained on how to pluck,Which other kind of fertilizer apart from npk can boost tea",Pest management,,,Fertilizer management,,Plucking,,Training labourers,,,,,,,,,,,,weather changes and high prices of fertilisers,Weather,Changing,,Inputs,Fertilizer,Costs,,,,,,"Built terraces to prevent soil erosion during heavy rains,Spraying against pests and diseases,use of compost manure instead of commercial fertilizers",Farming and tea management,Not all the farmers attend the meetings,Poor Committment,,,"Improved communication between farmers,cooperation from the farmers",Communication platform,,Increased support from cooperative,,,,,,,"SPRAYING AND WEEDING,MORE FERTILIZER",,,,,,,,,
137,"Tea farming,dairy farming,vegetable farming",Good agricultural practices,,,Livestock,Dairy,Vegetables,,,,,,,,,,,,,,"drought
hailstones",Weather,Drought,,Weather,Extreme,Hail,,,,,,Spraying against pests and diseases,"Tea and soil management
Weeds","Sometimes the time is limited,Some farmers after being trained need the seeds and they are not readily available,Lack of training materials such as green houses",Time,,Lack of information/resources/demonstrations/demonstrations,ORGANIZING MEETINGS TO INFORM FARMERS,Establish meetings,,,,,,,,,CHANGE OF WEATHER,,,,,,,,,
138,"good farming methods
soil testing",Soil management ,Soil quality analysis,,Good agricultural practices,,,,,,,,,,,,,,,,"weather changes
price fuctuation",Weather,Changing,,Prices,Price fluctuation,,,,,,,"Pulling out of weeds and weeding in tea farms instead of spraying them because if he sprays,the chemicals bring other pests and it affects the soil,planting shade trees in tea farms,building terraces,planting trees around the river,composting,pruning","Tea maintenance/care and management
Erosion",,,,,USING THOSE WHO ARE WILLING TO ENCOURAGE OTHER FARMERS,Committed farmers,,,,,,,,,"More compost fertilizer,planting in time",,,,,,,,,
139,"Poultry keeping,dairy farming,passion fruit farming",Livestock,Dairy,,Livestock,Poultry,Passion fruit,,,,,,,,,,,,,,"drought,pest and diseases",Weather,Drought,,Pests,,,,,,,,Doing the work himself instead of hiring someone because it is expensive,How to get high yields,,,,,TRAINING,Training,,,,,,,,,"Hailstorms,cold weather",,,,,,,,,
140,"Soil testing to know what can be done to increase production,what can be done to increase production when the crop has been affected by for example frost,hailstorms,Biogas,How terraces need to be built in a farm",Soil management ,Soil quality analysis,,Yield improvement,,Frost management,,Biogas,Terracing,,,,,,,,,,,"fertilizer, drought",Weather,Drought,,Inputs,Fertilizer,,,,,,,Irrigation,Tea management,,,,,"ORGANISING MEETINGS WITH FARMERS
CREATING AWARENESS THROUGH ADVERTISING",Establish meetings,,Sensitization,,,,,,,Same production this year and last year,,,,,,,,,
141,"How to increase production in tea farming,how to build terraces in a farm,How much fertilizer need to be applied in a tea farm,vegetable farming,poultry keeping,dairy farming,what is the recommended depth for bananas",Livestock,Poultry,,Livestock,Dairy,Yield improvement,,Fertilizer management,Vegetables,Bananas,Terracing,,,,,,,,,"drought,hailstones",Weather,Drought,,Weather,Extreme,Hail,,,,,,He has tried to do some of the work himself because he sometimes doesn't have money to hire labour,Vegetable planting/growing,,,,,"Prior communication with the farmers so that they may get prepared
More training",Communication,"Work with a group, make a shared plan",Training,,,,,,,"Improved seeds,good fertilizer",,,,,,,,,
142,"Value addition in what he produces in his farm,poultry management and building of poultry house,making of cattle feeds,application of manure instead of soluble fertilizer in tea farms,bee keeping,information on use of chemicals in farms and how to handle them,proper feed storage for cattle",Livestock,Poultry,,Cattle feed,,Compost,,Fertilizer management,Bee keeping,Crop storage,,,,,,,,,,"drought,lack of fertilizer,soil erosion,",Weather,Drought,,Inputs,Fertilizer,,Soil mangement,Soil erosion,,,,Tree planting for water management and provision of fuel,"Tea care and management 
Supply on fertilizers 
What they will ask to know",,,,,Organising visits to a demonstration farm for farmers,Demonstration Farm,,Visit Fellow Farmers Farms,,,,,,,Drought,,,,,,,,,
143,,,,,,,,,,,,,,,,,,,,,none,None,,,,,,,,,,,"Spraying against weeds,pruning","Cattle feeding 
Poultry 
Planting short term crops",,,,,"Organise group meetings with farmers to train them
Organising farm visits for farmers","Work with a group, make a shared plan",,,,,,,,,"Less rain,warm weather",,,,,,,,,
144,,,,,,,,,,,,,,,,,,,,,"drought,price flactuation",Weather,Drought,,Prices,Price fluctuation,,,,,,,"Borrowing loans,pruning before expected droughts",Tea,,,,,Farmers to be motivated,Committed farmers,,,,,,,,,Bad fertilizer,,,,,,,,,
145,,,,,,,,,,,,,,,,,,,,,"frost,hailstones,",Weather,Extreme,Hail,Weather,Extreme,Frost,,,,,,weeding using both chemicals and manually using jembe and slasher,"Taking care of land 
Soil erosion",,,,,Organising field days for farmers,Farmers Day,,,,,,,,,"Improved seeds,good weather",,,,,,,,,
146,,,,,,,,,,,,,,,,,,,,,Soil erosion,Soil mangement,Soil erosion,,,,,,,,,,"Building terraces,tree planting near water sources",Expenditures,,,,,"Training materials
Logistics",Training materials,,Logistics,,,,,,,Prolonged drought,,,,,,,,,
147,,,,,,,,,,,,,,,,,,,,,Weeds that do not die after spraying,Weeds,,,,,,,,,,,Dairy farming to supplement income,New farming practices that improve yields,,,,,"Visit by extension officers to train farmers
Providing farmers with finances",Funding,,Increased support from cooperative,,,,,,,"Drought,frost",,,,,,,,,
148,,,,,,,,,,,,,,,,,,,,,"Weeds 
Weather",Weeds,,,Weather,,,,,,,,"Spraying against weeds,weeding",SOIL CONSERVATION,,,,,"Providing more funds for the farmers to encourage them implement the project,Organising trainings for the farmers",Funding,,Training,,,,,,,Cold weather,,,,,,,,,
149,,,,,,,,,,,,,,,,,,,,,Hailstone and frost,Weather,Extreme,Hail,Weather,Extreme,Frost,,,,,,"Planting cattle feeds such fodder trees,Nappier grass instead of buying the cattle feeds",HOW TO GET MORE FINANCES SUCH AS FORMING A GROUP,,,,,"Inviting trained personnel to come train the farmers,organising field days for farmers",Training,Farmers Day,,,,,,,,"Lack of enough fertilizer,prolonged drought,frost",,,,,,,,,
150,,,,,,,,,,,,,,,,,,,,,"Weeds 
Pests and diseases",Weeds,,,Pests,,,,,,,,,A NEW FARMING THAT IS COST EFFECTIVE AND INCREASES YIELD,,,,,Extension officers to train farmers,Increased support from cooperative,,Training,,,,,,,"No maize disease this year,good fertilizer for tea",,,,,,,,,
151,,,,,,,,,,,,,,,,,,,,,"Weeds, price fluctuations and poor fertility",Weeds,,,Prices,Price fluctuation,,Soil mangement,Fertility,,,,,NEW FARMING PRACTICE THAT IMPROVES YIELDS,,,,,Cooperatives to organise meetings with farmers,,Increased support from cooperative,,,,,,,,"Improved seeds for maize,good weather",,,,,,,,,
152,,,,,,,,,,,,,,,,,,,,,"Weeds 
Price 
Pluckers",Weeds,,,Prices,,,Labour ,Shortage,,,,,Teaching them in my farm or in group meetings,,,,,Inviting trained officers to train farmers,,Training,"
",Increased support from cooperative,,,,,,"warm weather,fertilizer",,,,,,,,,
153,,,,,,,,,,,,,,,,,,,,,"Weeds 
Erosion",Weeds,,,Soil mangement,Soil erosion,,,,,,,,Organising meetings with the farmers to teach them a new practise,,,,,"Organising visits to demonstration farms for the farmers,Inviting trained officers to farmer group meetings to train them",Demonstration Farm ,,,Increased support from cooperative,,,,,,"Improved seeds,warm weather",,,,,,,,,
154,,,,,,,,,,,,,,,,,,,,,"Weeds 
Prices",Weeds,,,Prices,,,,,,,,,Training the fellow farmers in their farms,,,,,"More trainers,capacity building for the farmers",Training,,,,,,,,,Drought this year,,,,,,,,,
155,,,,,,,,,,,,,,,,,,,,,"Weeds 
Costs of fertilizer 
Bad weather eg hailstones",Weeds,,,Inputs,Fertilizer,,Weather,Extreme,Hail,,,,"How to pluck tea
How to prune tea",,,,,Providing funds and training for the farmer to enable him develop something such as a green house which will help in making it easy for the farmer when teaching others (demonstration farm),Funding,,Training,,,,,,,"Prolonged drought,cold season,hailstorms",,,,,,,,,
156,,,,,,,,,,,,,,,,,,,,,"Lack of finances,Weather changes",Finance,,,Weather,Changing,,,,,,,,Application of fertilizers in a tea farm,,,,,Inviting trained personnel to train farmers,Training,,Increased support from cooperative,,,,,,,Prolonged drought at the beginning of the year,,,,,,,,,
157,,,,,,,,,,,,,,,,,,,,,LACK OF KNOWLEDGE ON NEW FARMING PRACTICES,Knowledge,Good agricultural practices,,,,,,,,,,,Of a successful farming practice that I implemented on my farm,,,,,Organising visits to demonstration farms for farmers,Demonstration Farm ,,,,,,,,,"Not enough fertilizer,drought",,,,,,,,,
158,,,,,,,,,,,,,,,,,,,,,LACK OF ENOUGH FINANCES,Finance,,,,,,,,,,,,A new farming practice that I have implemented,,,,,"Inviting trained personnel to come for the meetings,seeking assistance from the authorities for example chiefs when organising farmer meetings",Establish meetings,,Training,Training materials,,,,,,"Enough fertilizer,good weather",,,,,,,,,
159,,,,,,,,,,,,,,,,,,,,,"LESS KGS FROM TEA FARMING
SOIL EROSION IN THE FARM",Soil mangement,Soil erosion,,Crops,Low productivity,,,,,,,,A new farming practice that I have implemented in my farm,,,,,"Training materials,involving the administration such as chiefs when organising meetings with the farmers",Training materials,,Sensitization,chiefs,,,,,,"Use of sly from biogas,use of decomposed manure",,,,,,,,,
160,,,,,,,,,,,,,,,,,,,,,"NOT ENOUGH FERTILIZERS
INSUFFICIENT FUNDS",Inputs,Fertilizer,,Finance,,,,,,,,,Kitchen gardening,,,,,"Provision of funds for the farmers to make it easier for them to implement the training,stabilising the price for tea to help encourage the farmer to continue with the tea growing and do other changes",Training,,Funding,,,,,,,,,,,,,,,,
161,,,,,,,,,,,,,,,,,,,,,"Hailstorms
Drought
Frost
Insufficient funds
Soil erosion",Weather,Extreme,Hail,Weather,Drought,,Soil mangement,Soil erosion,,Finance,,,How to implement the new practise,,,,,"Organising seminars for farmers,Inviting trained personnel to train farmers in their farmers,Motivating farmers by stabilising prices for tea,Giving incentives for farmers and even the labourers",Training,,Funding,,,,,,,,,,,,,,,,
162,,,,,,,,,,,,,,,,,,,,,"Hailstorms
Cold weather
Lack of finances
Low kgs of tea",Weather,Extreme,Hail,Finance,,,Crops,Low productivity,,,,,"Storage of pesticides,how to dress when spraying,kitchen gardening,composting,water management",,,,,"Training so that you can be able to train other farmers,teaching farmers the importance of this practices",Training,,,,,,,,,,,,,,,,,,
163,,,,,,,,,,,,,,,,,,,,,"Hailstorms
Pests and diseases
Drought
Soil erosion which washes away fertilizers in tea farms",Weather,Extreme,Hail,Weather,Drought,,Soil mangement,Soil erosion,,Pests,,,A new farming practise that has helped to increase production,,,,,chief to sensitize farmers to come and learn together,Sensitization,chiefs,,,,,,,,,,,,,,,,,
164,,,,,,,,,,,,,,,,,,,,,"Hailstorms
Frost
Drought
Pests and diseases especially in maize
Lack of enough capital",Weather,Extreme,Hail,Weather,Extreme,Frost,Weather,Drought,,Pests,,,Tea farming,,,,,"Seeking assistance from the chiefs in calling for meetings,looking for time that the farmers are not too busy to hold meetings",Training,,Sensitization,Chiefs,,,,,,,,,,,,,,,
165,,,,,,,,,,,,,,,,,,,,,"Cold weather
Hailstorms
Prolonged drought making it hard for the farmer to repay loans because there is low yields from tea",Weather,Extreme,Hail,Weather,Drought,,,,,,,,"Growing of passion fruits,how to handle the suckers",,,,,"Organising visits for farmers to demonstration farms,providing funds for implementation of the project then use it to train others",Demonstration Farm ,,Funding,,,,,,,,,,,,,,,,
166,,,,,,,,,,,,,,,,,,,,,"Heavy rains,bad weather,pests and diseases",Weather,Rain,Heavy,Pests,,,,,,,,,How to expand market for tea and encourage other farmers to do so,,,,,"Build a green house so that it can be a training centre for other farmers because some crops don't do well in natural environment,provision of training materials such as magazines with information about farming",Demonstration Farm ,,Training materials,,,,,,,,,,,,,,,,
167,,,,,,,,,,,,,,,,,,,,,"Pests and diseases,Lack of finances,hailstorms,heavy rain,frost,drought",Pests,,,Weather,Extreme,Hail,Weather,Drought,,Finance,,,"Green house farming to increase food production,poultry keeping",,,,,,,,,,,,,,,,,,,,,,,,
168,,,,,,,,,,,,,,,,,,,,,"Pests and diseases,drought,cold weather,Lack of enough finances",Pests,,,Weather,Drought,,Weather,Low temperatures,,Finance,,,Planting of traditional vegetables,,,,,,,,,,,,,,,,,,,,,,,,
169,,,,,,,,,,,,,,,,,,,,,"Drought,lack of finances",Weather,Drought,,Finance,,,,,,,,,"Spacing when planting tea,tree planting and what kinds of tree need to be planted near water sources,pruning",,,,,,,,,,,,,,,,,,,,,,,,
170,,,,,,,,,,,,,,,,,,,,,"Drought,Frost,finances,hailstorms,heavy rains",Weather,Rain,Heavy,Weather,Extreme,Frost,Weather,Extreme,Hail,Weather,Drought,,A new farming practice that he has been taught and implemented it,,,,,,,,,,,,,,,,,,,,,,,,
171,,,,,,,,,,,,,,,,,,,,,"Funds,lack of training on some areas such as dairy farming,hailstorms,drought,pests",Finance,,,Training,,,,,,,,,"How to prevent soil erosion,tea farming and how to increase its produce",,,,,,,,,,,,,,,,,,,,,,,,
172,,,,,,,,,,,,,,,,,,,,,"Cold weather,price fluctuations,prolonged drought,lack of enough funds",Weather,Low temperatures,,Prices,Price fluctuation,,Weather,Drought,,Finance,,,"Soil management,spacing in planting tea",,,,,,,,,,,,,,,,,,,,,,,,
173,,,,,,,,,,,,,,,,,,,,,"Cold weather,prolonged drought,heavy rains,insufficient funds,pests and diseases,expensive fertilizers",Weather,Low temperatures,,Weather,Drought,,Pests,,,Finance,,,A new farming practise that I have implemented in my farm,,,,,,,,,,,,,,,,,,,,,,,,
174,,,,,,,,,,,,,,,,,,,,,"Prolonged drought,frost,lack of knowledge on what can do best in the soil because it has not been measured,pests and diseases,lack of enough training in coffee farming",Weather,Drought,,Weather,Extreme,Frost,Knowledge,,,Pests,,,installation of energy saving jiko(rocket stove),,,,,,,,,,,,,,,,,,,,,,,,
175,,,,,,,,,,,,,,,,,,,,,"Frost,high cost of labour,prolonged drought,low yields,high cost of fertilizer and pesticides",Labour ,Costs,,Weather,Extreme,Frost,Weather,Drought,,Inputs,Fertilizer,,How to increase produce from tea farming,,,,,,,,,,,,,,,,,,,,,,,,
176,,,,,,,,,,,,,,,,,,,,,"Frost,hailstorms,prolonged drought,insufficient funds,high cost of labour",Weather,Extreme,Hail,Weather,Extreme,Frost,Weather,Drought,,Finance,,,Dairy farming and artificial insemination,,,,,,,,,,,,,,,,,,,,,,,,
177,,,,,,,,,,,,,,,,,,,,,"Frost,drought,hailstorms,pests and diseases,insufficient funds",Weather,Extreme,Frost,Weather,Drought,,Weather,Extreme,Hail,Finance,,,"Planting feeds such as fodder trees for the cattle instead of buying the feeds,diversification in farming,artificial insemination,biogas,zero grazing,hydroponic,use of non-soluble manure e.g sly from biogas instead of chemicals,arrowroot farming,crop rotation and how to maximise production from a small farm,grafting",,,,,,,,,,,,,,,,,,,,,,,,
178,,,,,,,,,,,,,,,,,,,,,"Lack of training on how to,no market for some of the produce for example coffee,frost,hailstorms,heavy rains,price fluctuations,insufficient funds",Training ,,,,,,Prices,Price fluctuation,,Finance,,,,,,,,,,,,,,,,,,,,,,,,,,,
179,,,,,,,,,,,,,,,,,,,,,"Inadequate fertilizer because it is expensive,hailstorms,frost,drought,pests and diseases,price fluctuations,sometimes the fertilizer is ineffective on tea farms,",Inputs,Fertilizer,Costs,Weather,Drought,,Weather,Extreme,Frost,Pests,,,,,,,,,,,,,,,,,,,,,,,,,,,
180,,,,,,,,,,,,,,,,,,,,,"High cost of fertilizer hence insufficiency hence low yields of tea,hailstorms,drought,frost,insufficient funds for developing farms",Inputs,Fertilizer,Costs,Crops,Low productivity,,Weather,Extreme,Frost,Weather,Drought,,,,,,,,,,,,,,,,,,,,,,,,,,
181,,,,,,,,,,,,,,,,,,,,,"Prolonged drought,heavy rains,soil erosion,weeds,lack of funds to implement ideas,high cost of fertilizer,strong winds,high cost of labour in tea plucking",Weather,Drought,,Soil mangement,Soil erosion,,Labour ,Costs,,Finance,New ideas,,,,,,,,,,,,,,,,,,,,,,,,,,
182,,,,,,,,,,,,,,,,,,,,,"Drought,hailstorms,price fluctuations for tea,pests and diseases,lack of enough funds for development in farming,high cost of fertilizer,poor market for milk",Weather,Drought,,Prices,Price fluctuation,,Inputs,Fertilizer,Costs,Markets,,,,,,,,,,,,,,,,,,,,,,,,,,,
183,,,,,,,,,,,,,,,,,,,,,"electricity
weeds on tea farm 
low yield in poultry farming",Weeds,,,Electricity,,,Crops,Low productivity,,,,,,,,,,,,,,,,,,,,,,,,,,,,,
184,,,,,,,,,,,,,,,,,,,,,"Frost,hailstorms,drought,lack of enough funds for development,training",Weather,Extreme,Frost,Weather,Drought,,Training ,,,,,,,,,,,,,,,,,,,,,,,,,,,,,,
185,,,,,,,,,,,,,,,,,,,,,"Hailstorms,frost,drought,lack of enough fertilizers,pests and diseases,insufficient funds,lack of enough training on how to,price fluctuations,water source is far",Weather,Extreme,Hail,Finance,,,Prices,Price fluctuation,,Pests,,,,,,,,,,,,,,,,,,,,,,,,,,,
186,,,,,,,,,,,,,,,,,,,,,"Prolonged drought,hailstorms,frost,cold weather,pests and diseases,insufficient funds,lack of proper training,Weeds",Weather,Extreme,Hail,Weather,Drought,,Training ,,,Finance,,,,,,,,,,,,,,,,,,,,,,,,,,,
187,,,,,,,,,,,,,,,,,,,,,"High cost of labour and fertilizer,frost,hailstorms,drought,poor market for bananas and ovacados,price fluctuations,lack of funds to implement some of the ideas,substandard feeds for cattle,substandard chemicals",Labour ,Costs,,Weather,Extreme,Hail,Markets,,,Inputs,Animal feed,,,,,,,,,,,,,,,,,,,,,,,,,,